,mean_fit_time,std_fit_time,mean_score_time,std_score_time,param_svc__C,param_svc__decision_function_shape,param_svc__degree,param_svc__gamma,param_svc__kernel,params,split0_test_score,split1_test_score,split2_test_score,split3_test_score,split4_test_score,mean_test_score,std_test_score,rank_test_score
0,0.09441337585449219,0.0006104384598861757,0.02332005500793457,0.00041159205771608306,0.1,ovo,3,auto,linear,"{'svc__C': 0.1, 'svc__decision_function_shape': 'ovo', 'svc__degree': 3, 'svc__gamma': 'auto', 'svc__kernel': 'linear'}",0.0,0.0,0.0,0.0,0.0,0.0,0.0,1
217,0.09438281059265137,0.0011230179631357457,0.022902441024780274,6.685069893737985e-05,10,ovo,20,auto,poly,"{'svc__C': 10, 'svc__decision_function_shape': 'ovo', 'svc__degree': 20, 'svc__gamma': 'auto', 'svc__kernel': 'poly'}",0.0,0.0,0.0,0.0,0.0,0.0,0.0,1
216,0.09361581802368164,0.0009424253118924449,0.023099851608276368,0.0003433458466180957,10,ovo,20,auto,linear,"{'svc__C': 10, 'svc__decision_function_shape': 'ovo', 'svc__degree': 20, 'svc__gamma': 'auto', 'svc__kernel': 'linear'}",0.0,0.0,0.0,0.0,0.0,0.0,0.0,1
215,0.09693942070007325,0.0011276187065017665,0.02339448928833008,0.00012298171108050384,10,ovo,10,scale,sigmoid,"{'svc__C': 10, 'svc__decision_function_shape': 'ovo', 'svc__degree': 10, 'svc__gamma': 'scale', 'svc__kernel': 'sigmoid'}",0.0,0.0,0.0,0.0,0.0,0.0,0.0,1
214,0.09836416244506836,0.0010093705972201608,0.035360193252563475,0.00037873370559700256,10,ovo,10,scale,rbf,"{'svc__C': 10, 'svc__decision_function_shape': 'ovo', 'svc__degree': 10, 'svc__gamma': 'scale', 'svc__kernel': 'rbf'}",0.0,0.0,0.0,0.0,0.0,0.0,0.0,1
213,0.09443387985229493,0.0008073146085835442,0.02285761833190918,0.0001258551497157798,10,ovo,10,scale,poly,"{'svc__C': 10, 'svc__decision_function_shape': 'ovo', 'svc__degree': 10, 'svc__gamma': 'scale', 'svc__kernel': 'poly'}",0.0,0.0,0.0,0.0,0.0,0.0,0.0,1
212,0.09387006759643554,0.0010056298463352082,0.022960948944091796,0.00024643843925224523,10,ovo,10,scale,linear,"{'svc__C': 10, 'svc__decision_function_shape': 'ovo', 'svc__degree': 10, 'svc__gamma': 'scale', 'svc__kernel': 'linear'}",0.0,0.0,0.0,0.0,0.0,0.0,0.0,1
211,0.09613399505615235,0.0008945075984373898,0.02337498664855957,0.0002481641440283606,10,ovo,10,auto,sigmoid,"{'svc__C': 10, 'svc__decision_function_shape': 'ovo', 'svc__degree': 10, 'svc__gamma': 'auto', 'svc__kernel': 'sigmoid'}",0.0,0.0,0.0,0.0,0.0,0.0,0.0,1
218,0.09704999923706055,0.000940218621310728,0.0350308895111084,0.00017267533034870085,10,ovo,20,auto,rbf,"{'svc__C': 10, 'svc__decision_function_shape': 'ovo', 'svc__degree': 20, 'svc__gamma': 'auto', 'svc__kernel': 'rbf'}",0.0,0.0,0.0,0.0,0.0,0.0,0.0,1
210,0.09734854698181153,0.0007388811348221508,0.03502535820007324,9.401639974362458e-05,10,ovo,10,auto,rbf,"{'svc__C': 10, 'svc__decision_function_shape': 'ovo', 'svc__degree': 10, 'svc__gamma': 'auto', 'svc__kernel': 'rbf'}",0.0,0.0,0.0,0.0,0.0,0.0,0.0,1
208,0.09483904838562011,0.001619238959885998,0.02325267791748047,0.0005590493912232006,10,ovo,10,auto,linear,"{'svc__C': 10, 'svc__decision_function_shape': 'ovo', 'svc__degree': 10, 'svc__gamma': 'auto', 'svc__kernel': 'linear'}",0.0,0.0,0.0,0.0,0.0,0.0,0.0,1
207,0.09693074226379395,0.0009888226772966332,0.023323488235473634,0.0001519999801103766,10,ovo,5,scale,sigmoid,"{'svc__C': 10, 'svc__decision_function_shape': 'ovo', 'svc__degree': 5, 'svc__gamma': 'scale', 'svc__kernel': 'sigmoid'}",0.0,0.0,0.0,0.0,0.0,0.0,0.0,1
206,0.10001516342163086,0.0023534287532981477,0.03578286170959473,0.0007237853940222745,10,ovo,5,scale,rbf,"{'svc__C': 10, 'svc__decision_function_shape': 'ovo', 'svc__degree': 5, 'svc__gamma': 'scale', 'svc__kernel': 'rbf'}",0.0,0.0,0.0,0.0,0.0,0.0,0.0,1
205,0.09527902603149414,0.001957741107584977,0.023156452178955077,0.0004361065007189817,10,ovo,5,scale,poly,"{'svc__C': 10, 'svc__decision_function_shape': 'ovo', 'svc__degree': 5, 'svc__gamma': 'scale', 'svc__kernel': 'poly'}",0.0,0.0,0.0,0.0,0.0,0.0,0.0,1
204,0.09299707412719727,0.000171420073451781,0.022725486755371095,6.894752025741946e-05,10,ovo,5,scale,linear,"{'svc__C': 10, 'svc__decision_function_shape': 'ovo', 'svc__degree': 5, 'svc__gamma': 'scale', 'svc__kernel': 'linear'}",0.0,0.0,0.0,0.0,0.0,0.0,0.0,1
203,0.09671664237976074,0.0012278821997880854,0.023387622833251954,0.00025808845436302524,10,ovo,5,auto,sigmoid,"{'svc__C': 10, 'svc__decision_function_shape': 'ovo', 'svc__degree': 5, 'svc__gamma': 'auto', 'svc__kernel': 'sigmoid'}",0.0,0.0,0.0,0.0,0.0,0.0,0.0,1
202,0.09912238121032715,0.0013468090134901886,0.03559145927429199,0.000327097382304685,10,ovo,5,auto,rbf,"{'svc__C': 10, 'svc__decision_function_shape': 'ovo', 'svc__degree': 5, 'svc__gamma': 'auto', 'svc__kernel': 'rbf'}",0.0,0.0,0.0,0.0,0.0,0.0,0.0,1
209,0.09477558135986328,0.0014450616801777684,0.02317047119140625,0.00033279356553046757,10,ovo,10,auto,poly,"{'svc__C': 10, 'svc__decision_function_shape': 'ovo', 'svc__degree': 10, 'svc__gamma': 'auto', 'svc__kernel': 'poly'}",0.0,0.0,0.0,0.0,0.0,0.0,0.0,1
201,0.09485254287719727,0.0019295542024976274,0.023310279846191405,0.00046923317006960315,10,ovo,5,auto,poly,"{'svc__C': 10, 'svc__decision_function_shape': 'ovo', 'svc__degree': 5, 'svc__gamma': 'auto', 'svc__kernel': 'poly'}",0.0,0.0,0.0,0.0,0.0,0.0,0.0,1
219,0.0965188980102539,0.0008884811659327262,0.02346029281616211,0.00030904542764046696,10,ovo,20,auto,sigmoid,"{'svc__C': 10, 'svc__decision_function_shape': 'ovo', 'svc__degree': 20, 'svc__gamma': 'auto', 'svc__kernel': 'sigmoid'}",0.0,0.0,0.0,0.0,0.0,0.0,0.0,1
221,0.09493517875671387,0.0010363984826221005,0.02320575714111328,0.00037442615768949994,10,ovo,20,scale,poly,"{'svc__C': 10, 'svc__decision_function_shape': 'ovo', 'svc__degree': 20, 'svc__gamma': 'scale', 'svc__kernel': 'poly'}",0.0,0.0,0.0,0.0,0.0,0.0,0.0,1
237,0.0946582317352295,0.0010237659206429701,0.023040008544921876,0.0003453930515022783,10,ovr,5,scale,poly,"{'svc__C': 10, 'svc__decision_function_shape': 'ovr', 'svc__degree': 5, 'svc__gamma': 'scale', 'svc__kernel': 'poly'}",0.0,0.0,0.0,0.0,0.0,0.0,0.0,1
236,0.09484343528747559,0.0009165355029071368,0.02319474220275879,0.0003238805399366241,10,ovr,5,scale,linear,"{'svc__C': 10, 'svc__decision_function_shape': 'ovr', 'svc__degree': 5, 'svc__gamma': 'scale', 'svc__kernel': 'linear'}",0.0,0.0,0.0,0.0,0.0,0.0,0.0,1
235,0.09655418395996093,0.0007995146221110371,0.023528671264648436,0.0004228879904156767,10,ovr,5,auto,sigmoid,"{'svc__C': 10, 'svc__decision_function_shape': 'ovr', 'svc__degree': 5, 'svc__gamma': 'auto', 'svc__kernel': 'sigmoid'}",0.0,0.0,0.0,0.0,0.0,0.0,0.0,1
234,0.09715752601623535,0.0006379559663803908,0.03495697975158692,0.000156953136322249,10,ovr,5,auto,rbf,"{'svc__C': 10, 'svc__decision_function_shape': 'ovr', 'svc__degree': 5, 'svc__gamma': 'auto', 'svc__kernel': 'rbf'}",0.0,0.0,0.0,0.0,0.0,0.0,0.0,1
233,0.09458518028259277,0.0008429000150510312,0.023119020462036132,0.00019209859411783666,10,ovr,5,auto,poly,"{'svc__C': 10, 'svc__decision_function_shape': 'ovr', 'svc__degree': 5, 'svc__gamma': 'auto', 'svc__kernel': 'poly'}",0.0,0.0,0.0,0.0,0.0,0.0,0.0,1
232,0.09474616050720215,0.0009854549497318918,0.02315206527709961,0.0004452716872722732,10,ovr,5,auto,linear,"{'svc__C': 10, 'svc__decision_function_shape': 'ovr', 'svc__degree': 5, 'svc__gamma': 'auto', 'svc__kernel': 'linear'}",0.0,0.0,0.0,0.0,0.0,0.0,0.0,1
231,0.09982151985168457,0.0013622370396224588,0.02361440658569336,0.00025397015826723136,10,ovr,3,scale,sigmoid,"{'svc__C': 10, 'svc__decision_function_shape': 'ovr', 'svc__degree': 3, 'svc__gamma': 'scale', 'svc__kernel': 'sigmoid'}",0.0,0.0,0.0,0.0,0.0,0.0,0.0,1
220,0.09427533149719239,0.0007641717019442883,0.023044252395629884,0.0004800984104645433,10,ovo,20,scale,linear,"{'svc__C': 10, 'svc__decision_function_shape': 'ovo', 'svc__degree': 20, 'svc__gamma': 'scale', 'svc__kernel': 'linear'}",0.0,0.0,0.0,0.0,0.0,0.0,0.0,1
230,0.09959664344787597,0.0016102004646242644,0.035658073425292966,0.000529726303351349,10,ovr,3,scale,rbf,"{'svc__C': 10, 'svc__decision_function_shape': 'ovr', 'svc__degree': 3, 'svc__gamma': 'scale', 'svc__kernel': 'rbf'}",0.0,0.0,0.0,0.0,0.0,0.0,0.0,1
228,0.09565815925598145,0.0013934087968609284,0.02328357696533203,0.0003880765394488213,10,ovr,3,scale,linear,"{'svc__C': 10, 'svc__decision_function_shape': 'ovr', 'svc__degree': 3, 'svc__gamma': 'scale', 'svc__kernel': 'linear'}",0.0,0.0,0.0,0.0,0.0,0.0,0.0,1
227,0.09589004516601562,0.00042290093190550587,0.02332615852355957,0.0002810929769866635,10,ovr,3,auto,sigmoid,"{'svc__C': 10, 'svc__decision_function_shape': 'ovr', 'svc__degree': 3, 'svc__gamma': 'auto', 'svc__kernel': 'sigmoid'}",0.0,0.0,0.0,0.0,0.0,0.0,0.0,1
226,0.09699740409851074,0.0004072368168979876,0.03501043319702148,0.00016298658178290137,10,ovr,3,auto,rbf,"{'svc__C': 10, 'svc__decision_function_shape': 'ovr', 'svc__degree': 3, 'svc__gamma': 'auto', 'svc__kernel': 'rbf'}",0.0,0.0,0.0,0.0,0.0,0.0,0.0,1
225,0.09526996612548828,0.0008507307104389518,0.023337173461914062,0.0004206786589367595,10,ovr,3,auto,poly,"{'svc__C': 10, 'svc__decision_function_shape': 'ovr', 'svc__degree': 3, 'svc__gamma': 'auto', 'svc__kernel': 'poly'}",0.0,0.0,0.0,0.0,0.0,0.0,0.0,1
224,0.09441580772399902,0.0010176866660799413,0.023099231719970702,0.0003820526140122072,10,ovr,3,auto,linear,"{'svc__C': 10, 'svc__decision_function_shape': 'ovr', 'svc__degree': 3, 'svc__gamma': 'auto', 'svc__kernel': 'linear'}",0.0,0.0,0.0,0.0,0.0,0.0,0.0,1
223,0.09801573753356933,0.0004744680057233397,0.02360506057739258,0.00038716535760008217,10,ovo,20,scale,sigmoid,"{'svc__C': 10, 'svc__decision_function_shape': 'ovo', 'svc__degree': 20, 'svc__gamma': 'scale', 'svc__kernel': 'sigmoid'}",0.0,0.0,0.0,0.0,0.0,0.0,0.0,1
222,0.09852833747863769,0.0008260804657976664,0.03536405563354492,0.00030342683464016235,10,ovo,20,scale,rbf,"{'svc__C': 10, 'svc__decision_function_shape': 'ovo', 'svc__degree': 20, 'svc__gamma': 'scale', 'svc__kernel': 'rbf'}",0.0,0.0,0.0,0.0,0.0,0.0,0.0,1
229,0.09579496383666992,0.0016885631880858337,0.023473834991455077,0.0005126622317418849,10,ovr,3,scale,poly,"{'svc__C': 10, 'svc__decision_function_shape': 'ovr', 'svc__degree': 3, 'svc__gamma': 'scale', 'svc__kernel': 'poly'}",0.0,0.0,0.0,0.0,0.0,0.0,0.0,1
238,0.09856343269348145,0.00111604462674003,0.03538422584533692,0.0006273131885158229,10,ovr,5,scale,rbf,"{'svc__C': 10, 'svc__decision_function_shape': 'ovr', 'svc__degree': 5, 'svc__gamma': 'scale', 'svc__kernel': 'rbf'}",0.0,0.0,0.0,0.0,0.0,0.0,0.0,1
200,0.09320216178894043,0.0006226388065003067,0.022870683670043947,0.0002878171312114214,10,ovo,5,auto,linear,"{'svc__C': 10, 'svc__decision_function_shape': 'ovo', 'svc__degree': 5, 'svc__gamma': 'auto', 'svc__kernel': 'linear'}",0.0,0.0,0.0,0.0,0.0,0.0,0.0,1
198,0.0966641902923584,0.00016374014520572326,0.03479461669921875,0.00010918461022753302,10,ovo,3,scale,rbf,"{'svc__C': 10, 'svc__decision_function_shape': 'ovo', 'svc__degree': 3, 'svc__gamma': 'scale', 'svc__kernel': 'rbf'}",0.0,0.0,0.0,0.0,0.0,0.0,0.0,1
177,0.09376211166381836,0.0010408121648406085,0.02296786308288574,0.00012079202900996607,1,ovr,10,auto,poly,"{'svc__C': 1, 'svc__decision_function_shape': 'ovr', 'svc__degree': 10, 'svc__gamma': 'auto', 'svc__kernel': 'poly'}",0.0,0.0,0.0,0.0,0.0,0.0,0.0,1
176,0.09406042098999023,0.0004930277852769758,0.023094987869262694,0.0002822268829907962,1,ovr,10,auto,linear,"{'svc__C': 1, 'svc__decision_function_shape': 'ovr', 'svc__degree': 10, 'svc__gamma': 'auto', 'svc__kernel': 'linear'}",0.0,0.0,0.0,0.0,0.0,0.0,0.0,1
175,0.09619932174682617,0.0004840676099360788,0.023498058319091797,0.00027793549095319145,1,ovr,5,scale,sigmoid,"{'svc__C': 1, 'svc__decision_function_shape': 'ovr', 'svc__degree': 5, 'svc__gamma': 'scale', 'svc__kernel': 'sigmoid'}",0.0,0.0,0.0,0.0,0.0,0.0,0.0,1
174,0.09876885414123535,0.001763803371624308,0.03555164337158203,0.0006999319095696246,1,ovr,5,scale,rbf,"{'svc__C': 1, 'svc__decision_function_shape': 'ovr', 'svc__degree': 5, 'svc__gamma': 'scale', 'svc__kernel': 'rbf'}",0.0,0.0,0.0,0.0,0.0,0.0,0.0,1
173,0.09710183143615722,0.0015175938508407679,0.023322391510009765,0.0002119685394477806,1,ovr,5,scale,poly,"{'svc__C': 1, 'svc__decision_function_shape': 'ovr', 'svc__degree': 5, 'svc__gamma': 'scale', 'svc__kernel': 'poly'}",0.0,0.0,0.0,0.0,0.0,0.0,0.0,1
172,0.09535708427429199,0.0016023699647699074,0.023245525360107423,0.00034242450908276886,1,ovr,5,scale,linear,"{'svc__C': 1, 'svc__decision_function_shape': 'ovr', 'svc__degree': 5, 'svc__gamma': 'scale', 'svc__kernel': 'linear'}",0.0,0.0,0.0,0.0,0.0,0.0,0.0,1
171,0.09471340179443359,0.0001665009525820517,0.023191308975219725,9.201358498191838e-05,1,ovr,5,auto,sigmoid,"{'svc__C': 1, 'svc__decision_function_shape': 'ovr', 'svc__degree': 5, 'svc__gamma': 'auto', 'svc__kernel': 'sigmoid'}",0.0,0.0,0.0,0.0,0.0,0.0,0.0,1
178,0.09736948013305664,0.0007614729824426017,0.03518867492675781,0.0004000906431092312,1,ovr,10,auto,rbf,"{'svc__C': 1, 'svc__decision_function_shape': 'ovr', 'svc__degree': 10, 'svc__gamma': 'auto', 'svc__kernel': 'rbf'}",0.0,0.0,0.0,0.0,0.0,0.0,0.0,1
170,0.09770355224609376,0.00043220677842662625,0.03524813652038574,0.00035585177303744153,1,ovr,5,auto,rbf,"{'svc__C': 1, 'svc__decision_function_shape': 'ovr', 'svc__degree': 5, 'svc__gamma': 'auto', 'svc__kernel': 'rbf'}",0.0,0.0,0.0,0.0,0.0,0.0,0.0,1
168,0.09370999336242676,0.0010267547792534699,0.022931957244873048,8.122226418352301e-05,1,ovr,5,auto,linear,"{'svc__C': 1, 'svc__decision_function_shape': 'ovr', 'svc__degree': 5, 'svc__gamma': 'auto', 'svc__kernel': 'linear'}",0.0,0.0,0.0,0.0,0.0,0.0,0.0,1
167,0.09680156707763672,0.002125331397414643,0.023342132568359375,0.00029615246121360056,1,ovr,3,scale,sigmoid,"{'svc__C': 1, 'svc__decision_function_shape': 'ovr', 'svc__degree': 3, 'svc__gamma': 'scale', 'svc__kernel': 'sigmoid'}",0.0,0.0,0.0,0.0,0.0,0.0,0.0,1
166,0.0963099479675293,0.00021233641643349143,0.03502922058105469,0.000317236016442187,1,ovr,3,scale,rbf,"{'svc__C': 1, 'svc__decision_function_shape': 'ovr', 'svc__degree': 3, 'svc__gamma': 'scale', 'svc__kernel': 'rbf'}",0.0,0.0,0.0,0.0,0.0,0.0,0.0,1
165,0.0936814308166504,0.0003296366893956862,0.022940397262573242,0.0002853946278454671,1,ovr,3,scale,poly,"{'svc__C': 1, 'svc__decision_function_shape': 'ovr', 'svc__degree': 3, 'svc__gamma': 'scale', 'svc__kernel': 'poly'}",0.0,0.0,0.0,0.0,0.0,0.0,0.0,1
164,0.0939021110534668,0.0007586530586946101,0.02284417152404785,0.0001441470605800199,1,ovr,3,scale,linear,"{'svc__C': 1, 'svc__decision_function_shape': 'ovr', 'svc__degree': 3, 'svc__gamma': 'scale', 'svc__kernel': 'linear'}",0.0,0.0,0.0,0.0,0.0,0.0,0.0,1
163,0.0964475154876709,0.0010687134698035847,0.023400115966796874,0.00013460830046342103,1,ovr,3,auto,sigmoid,"{'svc__C': 1, 'svc__decision_function_shape': 'ovr', 'svc__degree': 3, 'svc__gamma': 'auto', 'svc__kernel': 'sigmoid'}",0.0,0.0,0.0,0.0,0.0,0.0,0.0,1
162,0.0970235824584961,0.0007203753763997838,0.0353424072265625,0.0003483368189402556,1,ovr,3,auto,rbf,"{'svc__C': 1, 'svc__decision_function_shape': 'ovr', 'svc__degree': 3, 'svc__gamma': 'auto', 'svc__kernel': 'rbf'}",0.0,0.0,0.0,0.0,0.0,0.0,0.0,1
169,0.09403414726257324,0.0007562749682646562,0.022983598709106445,0.00011411933618456772,1,ovr,5,auto,poly,"{'svc__C': 1, 'svc__decision_function_shape': 'ovr', 'svc__degree': 5, 'svc__gamma': 'auto', 'svc__kernel': 'poly'}",0.0,0.0,0.0,0.0,0.0,0.0,0.0,1
199,0.09584560394287109,0.0004930768890883472,0.023199176788330077,5.5308917314174815e-05,10,ovo,3,scale,sigmoid,"{'svc__C': 10, 'svc__decision_function_shape': 'ovo', 'svc__degree': 3, 'svc__gamma': 'scale', 'svc__kernel': 'sigmoid'}",0.0,0.0,0.0,0.0,0.0,0.0,0.0,1
179,0.09685702323913574,0.0009382498117993545,0.023692560195922852,0.00043262643080513676,1,ovr,10,auto,sigmoid,"{'svc__C': 1, 'svc__decision_function_shape': 'ovr', 'svc__degree': 10, 'svc__gamma': 'auto', 'svc__kernel': 'sigmoid'}",0.0,0.0,0.0,0.0,0.0,0.0,0.0,1
181,0.09658331871032715,0.0015864141386305465,0.023571252822875977,0.00043916994791785917,1,ovr,10,scale,poly,"{'svc__C': 1, 'svc__decision_function_shape': 'ovr', 'svc__degree': 10, 'svc__gamma': 'scale', 'svc__kernel': 'poly'}",0.0,0.0,0.0,0.0,0.0,0.0,0.0,1
197,0.09367008209228515,0.00026446307888904606,0.022753810882568358,7.113406798318824e-05,10,ovo,3,scale,poly,"{'svc__C': 10, 'svc__decision_function_shape': 'ovo', 'svc__degree': 3, 'svc__gamma': 'scale', 'svc__kernel': 'poly'}",0.0,0.0,0.0,0.0,0.0,0.0,0.0,1
196,0.09289340972900391,0.0001815055698302041,0.022664403915405272,7.530021206091375e-05,10,ovo,3,scale,linear,"{'svc__C': 10, 'svc__decision_function_shape': 'ovo', 'svc__degree': 3, 'svc__gamma': 'scale', 'svc__kernel': 'linear'}",0.0,0.0,0.0,0.0,0.0,0.0,0.0,1
195,0.09604439735412598,0.00036304846847171957,0.023192834854125977,9.269846809288609e-05,10,ovo,3,auto,sigmoid,"{'svc__C': 10, 'svc__decision_function_shape': 'ovo', 'svc__degree': 3, 'svc__gamma': 'auto', 'svc__kernel': 'sigmoid'}",0.0,0.0,0.0,0.0,0.0,0.0,0.0,1
194,0.1000481128692627,0.0003193534198202207,0.0359095573425293,0.00027553421959188897,10,ovo,3,auto,rbf,"{'svc__C': 10, 'svc__decision_function_shape': 'ovo', 'svc__degree': 3, 'svc__gamma': 'auto', 'svc__kernel': 'rbf'}",0.0,0.0,0.0,0.0,0.0,0.0,0.0,1
193,0.09744267463684082,0.002187604006801043,0.02394556999206543,0.00033837854493427735,10,ovo,3,auto,poly,"{'svc__C': 10, 'svc__decision_function_shape': 'ovo', 'svc__degree': 3, 'svc__gamma': 'auto', 'svc__kernel': 'poly'}",0.0,0.0,0.0,0.0,0.0,0.0,0.0,1
192,0.09490718841552734,0.0022017690179872056,0.023206329345703124,0.0005468582703634398,10,ovo,3,auto,linear,"{'svc__C': 10, 'svc__decision_function_shape': 'ovo', 'svc__degree': 3, 'svc__gamma': 'auto', 'svc__kernel': 'linear'}",0.0,0.0,0.0,0.0,0.0,0.0,0.0,1
191,0.10008378028869629,0.0023054359626075633,0.024200439453125,0.00046369718017289397,1,ovr,20,scale,sigmoid,"{'svc__C': 1, 'svc__decision_function_shape': 'ovr', 'svc__degree': 20, 'svc__gamma': 'scale', 'svc__kernel': 'sigmoid'}",0.0,0.0,0.0,0.0,0.0,0.0,0.0,1
180,0.097603178024292,0.00156896345768143,0.023600435256958006,0.0005325128916080639,1,ovr,10,scale,linear,"{'svc__C': 1, 'svc__decision_function_shape': 'ovr', 'svc__degree': 10, 'svc__gamma': 'scale', 'svc__kernel': 'linear'}",0.0,0.0,0.0,0.0,0.0,0.0,0.0,1
190,0.10106134414672852,0.0016933279467457587,0.036182832717895505,0.0005505929748265289,1,ovr,20,scale,rbf,"{'svc__C': 1, 'svc__decision_function_shape': 'ovr', 'svc__degree': 20, 'svc__gamma': 'scale', 'svc__kernel': 'rbf'}",0.0,0.0,0.0,0.0,0.0,0.0,0.0,1
188,0.09392170906066895,0.0005798760080480846,0.023080158233642577,0.00030120499256428945,1,ovr,20,scale,linear,"{'svc__C': 1, 'svc__decision_function_shape': 'ovr', 'svc__degree': 20, 'svc__gamma': 'scale', 'svc__kernel': 'linear'}",0.0,0.0,0.0,0.0,0.0,0.0,0.0,1
187,0.09624872207641602,0.0006502026648762286,0.023603153228759766,0.0001615790274296152,1,ovr,20,auto,sigmoid,"{'svc__C': 1, 'svc__decision_function_shape': 'ovr', 'svc__degree': 20, 'svc__gamma': 'auto', 'svc__kernel': 'sigmoid'}",0.0,0.0,0.0,0.0,0.0,0.0,0.0,1
186,0.09715375900268555,0.0003769753039442293,0.035123586654663086,0.0003650698417505235,1,ovr,20,auto,rbf,"{'svc__C': 1, 'svc__decision_function_shape': 'ovr', 'svc__degree': 20, 'svc__gamma': 'auto', 'svc__kernel': 'rbf'}",0.0,0.0,0.0,0.0,0.0,0.0,0.0,1
185,0.09446496963500976,0.0016403044198111296,0.02314596176147461,0.00028762283781905016,1,ovr,20,auto,poly,"{'svc__C': 1, 'svc__decision_function_shape': 'ovr', 'svc__degree': 20, 'svc__gamma': 'auto', 'svc__kernel': 'poly'}",0.0,0.0,0.0,0.0,0.0,0.0,0.0,1
184,0.09386677742004394,0.0004863428451870339,0.02290763854980469,0.0002192561653488959,1,ovr,20,auto,linear,"{'svc__C': 1, 'svc__decision_function_shape': 'ovr', 'svc__degree': 20, 'svc__gamma': 'auto', 'svc__kernel': 'linear'}",0.0,0.0,0.0,0.0,0.0,0.0,0.0,1
183,0.0962608814239502,0.0006346958471938835,0.023443269729614257,0.00020451558500656362,1,ovr,10,scale,sigmoid,"{'svc__C': 1, 'svc__decision_function_shape': 'ovr', 'svc__degree': 10, 'svc__gamma': 'scale', 'svc__kernel': 'sigmoid'}",0.0,0.0,0.0,0.0,0.0,0.0,0.0,1
182,0.09898805618286133,0.001006896754579173,0.03545851707458496,0.0003396150401677537,1,ovr,10,scale,rbf,"{'svc__C': 1, 'svc__decision_function_shape': 'ovr', 'svc__degree': 10, 'svc__gamma': 'scale', 'svc__kernel': 'rbf'}",0.0,0.0,0.0,0.0,0.0,0.0,0.0,1
189,0.09610190391540527,0.0013643542100526744,0.023447275161743164,0.0005278211070212457,1,ovr,20,scale,poly,"{'svc__C': 1, 'svc__decision_function_shape': 'ovr', 'svc__degree': 20, 'svc__gamma': 'scale', 'svc__kernel': 'poly'}",0.0,0.0,0.0,0.0,0.0,0.0,0.0,1
161,0.09450707435607911,0.0014497049228696687,0.023251152038574217,0.00031684408665512697,1,ovr,3,auto,poly,"{'svc__C': 1, 'svc__decision_function_shape': 'ovr', 'svc__degree': 3, 'svc__gamma': 'auto', 'svc__kernel': 'poly'}",0.0,0.0,0.0,0.0,0.0,0.0,0.0,1
239,0.09791264533996583,0.0014685943948724125,0.023541355133056642,0.00025032745513965215,10,ovr,5,scale,sigmoid,"{'svc__C': 10, 'svc__decision_function_shape': 'ovr', 'svc__degree': 5, 'svc__gamma': 'scale', 'svc__kernel': 'sigmoid'}",0.0,0.0,0.0,0.0,0.0,0.0,0.0,1
241,0.09545159339904785,0.0012987015985253467,0.023297643661499022,0.0005635423168937929,10,ovr,10,auto,poly,"{'svc__C': 10, 'svc__decision_function_shape': 'ovr', 'svc__degree': 10, 'svc__gamma': 'auto', 'svc__kernel': 'poly'}",0.0,0.0,0.0,0.0,0.0,0.0,0.0,1
297,0.09630074501037597,0.0006225466690545947,0.023447275161743164,0.0003746755670059551,50,ovr,5,auto,poly,"{'svc__C': 50, 'svc__decision_function_shape': 'ovr', 'svc__degree': 5, 'svc__gamma': 'auto', 'svc__kernel': 'poly'}",0.0,0.0,0.0,0.0,0.0,0.0,0.0,1
296,0.09419126510620117,0.0006115595664915894,0.0232698917388916,0.0001440599159296939,50,ovr,5,auto,linear,"{'svc__C': 50, 'svc__decision_function_shape': 'ovr', 'svc__degree': 5, 'svc__gamma': 'auto', 'svc__kernel': 'linear'}",0.0,0.0,0.0,0.0,0.0,0.0,0.0,1
295,0.09840874671936035,0.0007547314521637583,0.023609209060668945,0.0002757333863834943,50,ovr,3,scale,sigmoid,"{'svc__C': 50, 'svc__decision_function_shape': 'ovr', 'svc__degree': 3, 'svc__gamma': 'scale', 'svc__kernel': 'sigmoid'}",0.0,0.0,0.0,0.0,0.0,0.0,0.0,1
294,0.09809446334838867,0.0005384065675147265,0.035225534439086915,0.0002690060927044761,50,ovr,3,scale,rbf,"{'svc__C': 50, 'svc__decision_function_shape': 'ovr', 'svc__degree': 3, 'svc__gamma': 'scale', 'svc__kernel': 'rbf'}",0.0,0.0,0.0,0.0,0.0,0.0,0.0,1
293,0.0958632469177246,0.00036854319805064217,0.02327122688293457,0.00010605705265151884,50,ovr,3,scale,poly,"{'svc__C': 50, 'svc__decision_function_shape': 'ovr', 'svc__degree': 3, 'svc__gamma': 'scale', 'svc__kernel': 'poly'}",0.0,0.0,0.0,0.0,0.0,0.0,0.0,1
292,0.0948866367340088,0.0011928645649984856,0.023217535018920897,0.00023110145927575607,50,ovr,3,scale,linear,"{'svc__C': 50, 'svc__decision_function_shape': 'ovr', 'svc__degree': 3, 'svc__gamma': 'scale', 'svc__kernel': 'linear'}",0.0,0.0,0.0,0.0,0.0,0.0,0.0,1
291,0.09823946952819824,0.001886281031019971,0.023958349227905275,0.00020761533674930726,50,ovr,3,auto,sigmoid,"{'svc__C': 50, 'svc__decision_function_shape': 'ovr', 'svc__degree': 3, 'svc__gamma': 'auto', 'svc__kernel': 'sigmoid'}",0.0,0.0,0.0,0.0,0.0,0.0,0.0,1
298,0.09975175857543946,0.0005722488227278016,0.03571033477783203,0.0003755602574916844,50,ovr,5,auto,rbf,"{'svc__C': 50, 'svc__decision_function_shape': 'ovr', 'svc__degree': 5, 'svc__gamma': 'auto', 'svc__kernel': 'rbf'}",0.0,0.0,0.0,0.0,0.0,0.0,0.0,1
290,0.09898300170898437,0.0010751835584952192,0.03580803871154785,0.0003185845155070102,50,ovr,3,auto,rbf,"{'svc__C': 50, 'svc__decision_function_shape': 'ovr', 'svc__degree': 3, 'svc__gamma': 'auto', 'svc__kernel': 'rbf'}",0.0,0.0,0.0,0.0,0.0,0.0,0.0,1
288,0.09529261589050293,0.0011551365089603513,0.023267364501953124,0.00035638391315193665,50,ovr,3,auto,linear,"{'svc__C': 50, 'svc__decision_function_shape': 'ovr', 'svc__degree': 3, 'svc__gamma': 'auto', 'svc__kernel': 'linear'}",0.0,0.0,0.0,0.0,0.0,0.0,0.0,1
287,0.0983184814453125,0.0017595712700629296,0.023684167861938478,0.0003494648607569964,50,ovo,20,scale,sigmoid,"{'svc__C': 50, 'svc__decision_function_shape': 'ovo', 'svc__degree': 20, 'svc__gamma': 'scale', 'svc__kernel': 'sigmoid'}",0.0,0.0,0.0,0.0,0.0,0.0,0.0,1
286,0.10047349929809571,0.001455404109952549,0.03584480285644531,0.000383194511035945,50,ovo,20,scale,rbf,"{'svc__C': 50, 'svc__decision_function_shape': 'ovo', 'svc__degree': 20, 'svc__gamma': 'scale', 'svc__kernel': 'rbf'}",0.0,0.0,0.0,0.0,0.0,0.0,0.0,1
285,0.09487347602844239,0.0018929153706490744,0.023125553131103517,0.00029762354180554407,50,ovo,20,scale,poly,"{'svc__C': 50, 'svc__decision_function_shape': 'ovo', 'svc__degree': 20, 'svc__gamma': 'scale', 'svc__kernel': 'poly'}",0.0,0.0,0.0,0.0,0.0,0.0,0.0,1
284,0.09632163047790528,0.0014488751577839988,0.02336115837097168,0.0004866100981277065,50,ovo,20,scale,linear,"{'svc__C': 50, 'svc__decision_function_shape': 'ovo', 'svc__degree': 20, 'svc__gamma': 'scale', 'svc__kernel': 'linear'}",0.0,0.0,0.0,0.0,0.0,0.0,0.0,1
283,0.09656634330749511,0.0012118573601929126,0.023424386978149414,0.00013889849814005732,50,ovo,20,auto,sigmoid,"{'svc__C': 50, 'svc__decision_function_shape': 'ovo', 'svc__degree': 20, 'svc__gamma': 'auto', 'svc__kernel': 'sigmoid'}",0.0,0.0,0.0,0.0,0.0,0.0,0.0,1
282,0.0973278522491455,0.0008139227387149227,0.035424232482910156,0.00038256404792270845,50,ovo,20,auto,rbf,"{'svc__C': 50, 'svc__decision_function_shape': 'ovo', 'svc__degree': 20, 'svc__gamma': 'auto', 'svc__kernel': 'rbf'}",0.0,0.0,0.0,0.0,0.0,0.0,0.0,1
289,0.09503273963928223,0.00018770041666985745,0.02305140495300293,8.827717617249122e-05,50,ovr,3,auto,poly,"{'svc__C': 50, 'svc__decision_function_shape': 'ovr', 'svc__degree': 3, 'svc__gamma': 'auto', 'svc__kernel': 'poly'}",0.0,0.0,0.0,0.0,0.0,0.0,0.0,1
281,0.09669761657714844,0.0014009953624423692,0.023625612258911133,0.000535775682346202,50,ovo,20,auto,poly,"{'svc__C': 50, 'svc__decision_function_shape': 'ovo', 'svc__degree': 20, 'svc__gamma': 'auto', 'svc__kernel': 'poly'}",0.0,0.0,0.0,0.0,0.0,0.0,0.0,1
299,0.09684605598449707,0.0006876262707076609,0.02348604202270508,0.0002677219879410835,50,ovr,5,auto,sigmoid,"{'svc__C': 50, 'svc__decision_function_shape': 'ovr', 'svc__degree': 5, 'svc__gamma': 'auto', 'svc__kernel': 'sigmoid'}",0.0,0.0,0.0,0.0,0.0,0.0,0.0,1
301,0.09420194625854492,0.00031380195089743187,0.022896480560302735,0.00021482275527004218,50,ovr,5,scale,poly,"{'svc__C': 50, 'svc__decision_function_shape': 'ovr', 'svc__degree': 5, 'svc__gamma': 'scale', 'svc__kernel': 'poly'}",0.0,0.0,0.0,0.0,0.0,0.0,0.0,1
317,0.09380097389221191,0.0006895411615921497,0.023383426666259765,0.001097054664297813,50,ovr,20,scale,poly,"{'svc__C': 50, 'svc__decision_function_shape': 'ovr', 'svc__degree': 20, 'svc__gamma': 'scale', 'svc__kernel': 'poly'}",0.0,0.0,0.0,0.0,0.0,0.0,0.0,1
316,0.09295682907104492,0.00017766375335229398,0.022722959518432617,7.076783945110618e-05,50,ovr,20,scale,linear,"{'svc__C': 50, 'svc__decision_function_shape': 'ovr', 'svc__degree': 20, 'svc__gamma': 'scale', 'svc__kernel': 'linear'}",0.0,0.0,0.0,0.0,0.0,0.0,0.0,1
315,0.09586095809936523,0.0003297424280549684,0.023287439346313478,0.00013876031764005592,50,ovr,20,auto,sigmoid,"{'svc__C': 50, 'svc__decision_function_shape': 'ovr', 'svc__degree': 20, 'svc__gamma': 'auto', 'svc__kernel': 'sigmoid'}",0.0,0.0,0.0,0.0,0.0,0.0,0.0,1
314,0.0979539394378662,0.0019820196167511187,0.0351473331451416,0.0002775358001767372,50,ovr,20,auto,rbf,"{'svc__C': 50, 'svc__decision_function_shape': 'ovr', 'svc__degree': 20, 'svc__gamma': 'auto', 'svc__kernel': 'rbf'}",0.0,0.0,0.0,0.0,0.0,0.0,0.0,1
313,0.09623579978942871,0.0017595166655619608,0.023856401443481445,0.0002674976983479272,50,ovr,20,auto,poly,"{'svc__C': 50, 'svc__decision_function_shape': 'ovr', 'svc__degree': 20, 'svc__gamma': 'auto', 'svc__kernel': 'poly'}",0.0,0.0,0.0,0.0,0.0,0.0,0.0,1
312,0.09586505889892578,0.001029237220639578,0.023469161987304688,0.0001961848194160094,50,ovr,20,auto,linear,"{'svc__C': 50, 'svc__decision_function_shape': 'ovr', 'svc__degree': 20, 'svc__gamma': 'auto', 'svc__kernel': 'linear'}",0.0,0.0,0.0,0.0,0.0,0.0,0.0,1
311,0.09679737091064453,0.001024525216355043,0.023464155197143555,0.0003795608623512719,50,ovr,10,scale,sigmoid,"{'svc__C': 50, 'svc__decision_function_shape': 'ovr', 'svc__degree': 10, 'svc__gamma': 'scale', 'svc__kernel': 'sigmoid'}",0.0,0.0,0.0,0.0,0.0,0.0,0.0,1
300,0.09440574645996094,0.00210262643704316,0.02304210662841797,0.00026765700935111496,50,ovr,5,scale,linear,"{'svc__C': 50, 'svc__decision_function_shape': 'ovr', 'svc__degree': 5, 'svc__gamma': 'scale', 'svc__kernel': 'linear'}",0.0,0.0,0.0,0.0,0.0,0.0,0.0,1
310,0.09720282554626465,0.0005361532791731687,0.03499822616577149,0.00024165763754688935,50,ovr,10,scale,rbf,"{'svc__C': 50, 'svc__decision_function_shape': 'ovr', 'svc__degree': 10, 'svc__gamma': 'scale', 'svc__kernel': 'rbf'}",0.0,0.0,0.0,0.0,0.0,0.0,0.0,1
308,0.09297456741333007,0.0001370306381087431,0.022721099853515624,6.41469872572226e-05,50,ovr,10,scale,linear,"{'svc__C': 50, 'svc__decision_function_shape': 'ovr', 'svc__degree': 10, 'svc__gamma': 'scale', 'svc__kernel': 'linear'}",0.0,0.0,0.0,0.0,0.0,0.0,0.0,1
307,0.09534940719604493,0.000154519417719275,0.023198604583740234,7.991583077183228e-05,50,ovr,10,auto,sigmoid,"{'svc__C': 50, 'svc__decision_function_shape': 'ovr', 'svc__degree': 10, 'svc__gamma': 'auto', 'svc__kernel': 'sigmoid'}",0.0,0.0,0.0,0.0,0.0,0.0,0.0,1
306,0.09770464897155762,0.0008824389856575907,0.03528590202331543,0.0005283902541069594,50,ovr,10,auto,rbf,"{'svc__C': 50, 'svc__decision_function_shape': 'ovr', 'svc__degree': 10, 'svc__gamma': 'auto', 'svc__kernel': 'rbf'}",0.0,0.0,0.0,0.0,0.0,0.0,0.0,1
305,0.09336042404174805,0.00022706492809989568,0.02279205322265625,8.154269539800101e-05,50,ovr,10,auto,poly,"{'svc__C': 50, 'svc__decision_function_shape': 'ovr', 'svc__degree': 10, 'svc__gamma': 'auto', 'svc__kernel': 'poly'}",0.0,0.0,0.0,0.0,0.0,0.0,0.0,1
304,0.09253859519958496,0.00022927330236490747,0.022705268859863282,8.725121967379312e-05,50,ovr,10,auto,linear,"{'svc__C': 50, 'svc__decision_function_shape': 'ovr', 'svc__degree': 10, 'svc__gamma': 'auto', 'svc__kernel': 'linear'}",0.0,0.0,0.0,0.0,0.0,0.0,0.0,1
303,0.09572315216064453,0.00021859028769464697,0.023169755935668945,8.503117651870062e-05,50,ovr,5,scale,sigmoid,"{'svc__C': 50, 'svc__decision_function_shape': 'ovr', 'svc__degree': 5, 'svc__gamma': 'scale', 'svc__kernel': 'sigmoid'}",0.0,0.0,0.0,0.0,0.0,0.0,0.0,1
302,0.09680957794189453,0.00015302620459430334,0.0348609447479248,0.00012067698105553864,50,ovr,5,scale,rbf,"{'svc__C': 50, 'svc__decision_function_shape': 'ovr', 'svc__degree': 5, 'svc__gamma': 'scale', 'svc__kernel': 'rbf'}",0.0,0.0,0.0,0.0,0.0,0.0,0.0,1
309,0.09475350379943848,0.0007178751822851535,0.023033761978149415,0.00043419019029086796,50,ovr,10,scale,poly,"{'svc__C': 50, 'svc__decision_function_shape': 'ovr', 'svc__degree': 10, 'svc__gamma': 'scale', 'svc__kernel': 'poly'}",0.0,0.0,0.0,0.0,0.0,0.0,0.0,1
240,0.09408931732177735,0.0007091709460761406,0.02294578552246094,0.0001370082358519091,10,ovr,10,auto,linear,"{'svc__C': 10, 'svc__decision_function_shape': 'ovr', 'svc__degree': 10, 'svc__gamma': 'auto', 'svc__kernel': 'linear'}",0.0,0.0,0.0,0.0,0.0,0.0,0.0,1
280,0.09489412307739258,0.0009982253573169787,0.023418664932250977,0.00034530975281799,50,ovo,20,auto,linear,"{'svc__C': 50, 'svc__decision_function_shape': 'ovo', 'svc__degree': 20, 'svc__gamma': 'auto', 'svc__kernel': 'linear'}",0.0,0.0,0.0,0.0,0.0,0.0,0.0,1
278,0.09782266616821289,0.001248769842103412,0.035383749008178714,0.0006144060272539495,50,ovo,10,scale,rbf,"{'svc__C': 50, 'svc__decision_function_shape': 'ovo', 'svc__degree': 10, 'svc__gamma': 'scale', 'svc__kernel': 'rbf'}",0.0,0.0,0.0,0.0,0.0,0.0,0.0,1
257,0.09577279090881348,0.001080016178089354,0.023185062408447265,0.00032604193204846364,50,ovo,3,auto,poly,"{'svc__C': 50, 'svc__decision_function_shape': 'ovo', 'svc__degree': 3, 'svc__gamma': 'auto', 'svc__kernel': 'poly'}",0.0,0.0,0.0,0.0,0.0,0.0,0.0,1
256,0.09496159553527832,0.0014306141450913105,0.02326974868774414,0.00035705930018203755,50,ovo,3,auto,linear,"{'svc__C': 50, 'svc__decision_function_shape': 'ovo', 'svc__degree': 3, 'svc__gamma': 'auto', 'svc__kernel': 'linear'}",0.0,0.0,0.0,0.0,0.0,0.0,0.0,1
255,0.09830327033996582,0.0014649771512278713,0.023667144775390624,0.0003454389980751266,10,ovr,20,scale,sigmoid,"{'svc__C': 10, 'svc__decision_function_shape': 'ovr', 'svc__degree': 20, 'svc__gamma': 'scale', 'svc__kernel': 'sigmoid'}",0.0,0.0,0.0,0.0,0.0,0.0,0.0,1
254,0.09905719757080078,0.0007920669824368546,0.03553981781005859,0.0002985839680117457,10,ovr,20,scale,rbf,"{'svc__C': 10, 'svc__decision_function_shape': 'ovr', 'svc__degree': 20, 'svc__gamma': 'scale', 'svc__kernel': 'rbf'}",0.0,0.0,0.0,0.0,0.0,0.0,0.0,1
253,0.09616074562072754,0.0007760558750880889,0.023563861846923828,0.00040689378349466733,10,ovr,20,scale,poly,"{'svc__C': 10, 'svc__decision_function_shape': 'ovr', 'svc__degree': 20, 'svc__gamma': 'scale', 'svc__kernel': 'poly'}",0.0,0.0,0.0,0.0,0.0,0.0,0.0,1
252,0.09522690773010253,0.001562368082774957,0.0231020450592041,0.00029483640065515064,10,ovr,20,scale,linear,"{'svc__C': 10, 'svc__decision_function_shape': 'ovr', 'svc__degree': 20, 'svc__gamma': 'scale', 'svc__kernel': 'linear'}",0.0,0.0,0.0,0.0,0.0,0.0,0.0,1
251,0.09698381423950195,0.0008941292374159962,0.02361898422241211,0.0004560191320630415,10,ovr,20,auto,sigmoid,"{'svc__C': 10, 'svc__decision_function_shape': 'ovr', 'svc__degree': 20, 'svc__gamma': 'auto', 'svc__kernel': 'sigmoid'}",0.0,0.0,0.0,0.0,0.0,0.0,0.0,1
258,0.09801115989685058,0.000978641032605591,0.03546133041381836,0.0006866851868026154,50,ovo,3,auto,rbf,"{'svc__C': 50, 'svc__decision_function_shape': 'ovo', 'svc__degree': 3, 'svc__gamma': 'auto', 'svc__kernel': 'rbf'}",0.0,0.0,0.0,0.0,0.0,0.0,0.0,1
250,0.09795632362365722,0.0010696979551306305,0.035370826721191406,0.0005982095568390715,10,ovr,20,auto,rbf,"{'svc__C': 10, 'svc__decision_function_shape': 'ovr', 'svc__degree': 20, 'svc__gamma': 'auto', 'svc__kernel': 'rbf'}",0.0,0.0,0.0,0.0,0.0,0.0,0.0,1
248,0.09552011489868165,0.0014378600406037658,0.02328481674194336,0.0004647146081226709,10,ovr,20,auto,linear,"{'svc__C': 10, 'svc__decision_function_shape': 'ovr', 'svc__degree': 20, 'svc__gamma': 'auto', 'svc__kernel': 'linear'}",0.0,0.0,0.0,0.0,0.0,0.0,0.0,1
247,0.09913806915283203,0.0008310756158517155,0.023978042602539062,0.0002474413367965589,10,ovr,10,scale,sigmoid,"{'svc__C': 10, 'svc__decision_function_shape': 'ovr', 'svc__degree': 10, 'svc__gamma': 'scale', 'svc__kernel': 'sigmoid'}",0.0,0.0,0.0,0.0,0.0,0.0,0.0,1
246,0.09874310493469238,0.0006001049646976406,0.03535857200622559,0.00037459677682828756,10,ovr,10,scale,rbf,"{'svc__C': 10, 'svc__decision_function_shape': 'ovr', 'svc__degree': 10, 'svc__gamma': 'scale', 'svc__kernel': 'rbf'}",0.0,0.0,0.0,0.0,0.0,0.0,0.0,1
245,0.09533677101135254,0.0006373950909795803,0.023099946975708007,0.00015680530211571308,10,ovr,10,scale,poly,"{'svc__C': 10, 'svc__decision_function_shape': 'ovr', 'svc__degree': 10, 'svc__gamma': 'scale', 'svc__kernel': 'poly'}",0.0,0.0,0.0,0.0,0.0,0.0,0.0,1
244,0.09375195503234864,0.0008940395019527253,0.02275986671447754,0.0001247136024107786,10,ovr,10,scale,linear,"{'svc__C': 10, 'svc__decision_function_shape': 'ovr', 'svc__degree': 10, 'svc__gamma': 'scale', 'svc__kernel': 'linear'}",0.0,0.0,0.0,0.0,0.0,0.0,0.0,1
243,0.09619197845458985,0.0007871702793282727,0.02345700263977051,0.0003038579980137356,10,ovr,10,auto,sigmoid,"{'svc__C': 10, 'svc__decision_function_shape': 'ovr', 'svc__degree': 10, 'svc__gamma': 'auto', 'svc__kernel': 'sigmoid'}",0.0,0.0,0.0,0.0,0.0,0.0,0.0,1
242,0.0972179889678955,0.0009406833049798693,0.03509235382080078,0.00024599469332494675,10,ovr,10,auto,rbf,"{'svc__C': 10, 'svc__decision_function_shape': 'ovr', 'svc__degree': 10, 'svc__gamma': 'auto', 'svc__kernel': 'rbf'}",0.0,0.0,0.0,0.0,0.0,0.0,0.0,1
249,0.09509882926940919,0.001573061535264749,0.023380804061889648,0.00020698431668870416,10,ovr,20,auto,poly,"{'svc__C': 10, 'svc__decision_function_shape': 'ovr', 'svc__degree': 20, 'svc__gamma': 'auto', 'svc__kernel': 'poly'}",0.0,0.0,0.0,0.0,0.0,0.0,0.0,1
279,0.09985003471374512,0.0021764285813637013,0.023992395401000975,0.0005032634246261436,50,ovo,10,scale,sigmoid,"{'svc__C': 50, 'svc__decision_function_shape': 'ovo', 'svc__degree': 10, 'svc__gamma': 'scale', 'svc__kernel': 'sigmoid'}",0.0,0.0,0.0,0.0,0.0,0.0,0.0,1
259,0.09638471603393554,0.0007221312573957671,0.023464107513427736,0.00024456013273547013,50,ovo,3,auto,sigmoid,"{'svc__C': 50, 'svc__decision_function_shape': 'ovo', 'svc__degree': 3, 'svc__gamma': 'auto', 'svc__kernel': 'sigmoid'}",0.0,0.0,0.0,0.0,0.0,0.0,0.0,1
261,0.09452757835388184,0.00043590090659889857,0.02287774085998535,0.00016193016393912463,50,ovo,3,scale,poly,"{'svc__C': 50, 'svc__decision_function_shape': 'ovo', 'svc__degree': 3, 'svc__gamma': 'scale', 'svc__kernel': 'poly'}",0.0,0.0,0.0,0.0,0.0,0.0,0.0,1
277,0.09402546882629395,0.0004244898441723553,0.022857284545898436,7.136543148314955e-05,50,ovo,10,scale,poly,"{'svc__C': 50, 'svc__decision_function_shape': 'ovo', 'svc__degree': 10, 'svc__gamma': 'scale', 'svc__kernel': 'poly'}",0.0,0.0,0.0,0.0,0.0,0.0,0.0,1
276,0.09304418563842773,0.00019776838238221833,0.022719335556030274,8.88906063787249e-05,50,ovo,10,scale,linear,"{'svc__C': 50, 'svc__decision_function_shape': 'ovo', 'svc__degree': 10, 'svc__gamma': 'scale', 'svc__kernel': 'linear'}",0.0,0.0,0.0,0.0,0.0,0.0,0.0,1
275,0.09656195640563965,0.001142512114053472,0.023465871810913086,0.000362641477426683,50,ovo,10,auto,sigmoid,"{'svc__C': 50, 'svc__decision_function_shape': 'ovo', 'svc__degree': 10, 'svc__gamma': 'auto', 'svc__kernel': 'sigmoid'}",0.0,0.0,0.0,0.0,0.0,0.0,0.0,1
274,0.09695672988891602,0.0006713889369873769,0.03502044677734375,0.00028039778927025174,50,ovo,10,auto,rbf,"{'svc__C': 50, 'svc__decision_function_shape': 'ovo', 'svc__degree': 10, 'svc__gamma': 'auto', 'svc__kernel': 'rbf'}",0.0,0.0,0.0,0.0,0.0,0.0,0.0,1
273,0.09475560188293457,0.0006835865122548186,0.02317819595336914,0.0002714744793765932,50,ovo,10,auto,poly,"{'svc__C': 50, 'svc__decision_function_shape': 'ovo', 'svc__degree': 10, 'svc__gamma': 'auto', 'svc__kernel': 'poly'}",0.0,0.0,0.0,0.0,0.0,0.0,0.0,1
272,0.09364480972290039,0.001442078297869252,0.0229769229888916,0.0002045970057308498,50,ovo,10,auto,linear,"{'svc__C': 50, 'svc__decision_function_shape': 'ovo', 'svc__degree': 10, 'svc__gamma': 'auto', 'svc__kernel': 'linear'}",0.0,0.0,0.0,0.0,0.0,0.0,0.0,1
271,0.09605498313903808,0.0006305334489952193,0.023243808746337892,4.356282603785974e-05,50,ovo,5,scale,sigmoid,"{'svc__C': 50, 'svc__decision_function_shape': 'ovo', 'svc__degree': 5, 'svc__gamma': 'scale', 'svc__kernel': 'sigmoid'}",0.0,0.0,0.0,0.0,0.0,0.0,0.0,1
260,0.09528937339782714,0.0013202020042497782,0.023251819610595702,0.00038965717552324173,50,ovo,3,scale,linear,"{'svc__C': 50, 'svc__decision_function_shape': 'ovo', 'svc__degree': 3, 'svc__gamma': 'scale', 'svc__kernel': 'linear'}",0.0,0.0,0.0,0.0,0.0,0.0,0.0,1
270,0.09675288200378418,0.000159565274425414,0.034874677658081055,0.00010789308723810708,50,ovo,5,scale,rbf,"{'svc__C': 50, 'svc__decision_function_shape': 'ovo', 'svc__degree': 5, 'svc__gamma': 'scale', 'svc__kernel': 'rbf'}",0.0,0.0,0.0,0.0,0.0,0.0,0.0,1
268,0.09505000114440917,0.0018501885922880157,0.023129749298095702,0.0005008875639595902,50,ovo,5,scale,linear,"{'svc__C': 50, 'svc__decision_function_shape': 'ovo', 'svc__degree': 5, 'svc__gamma': 'scale', 'svc__kernel': 'linear'}",0.0,0.0,0.0,0.0,0.0,0.0,0.0,1
267,0.09647097587585449,0.0009742034114381346,0.023438167572021485,0.00013957141729753727,50,ovo,5,auto,sigmoid,"{'svc__C': 50, 'svc__decision_function_shape': 'ovo', 'svc__degree': 5, 'svc__gamma': 'auto', 'svc__kernel': 'sigmoid'}",0.0,0.0,0.0,0.0,0.0,0.0,0.0,1
266,0.09892821311950684,0.0020728631591145764,0.03539748191833496,0.00030151618213708996,50,ovo,5,auto,rbf,"{'svc__C': 50, 'svc__decision_function_shape': 'ovo', 'svc__degree': 5, 'svc__gamma': 'auto', 'svc__kernel': 'rbf'}",0.0,0.0,0.0,0.0,0.0,0.0,0.0,1
265,0.0948819637298584,0.0007360448766841979,0.02319049835205078,0.00028484030388877815,50,ovo,5,auto,poly,"{'svc__C': 50, 'svc__decision_function_shape': 'ovo', 'svc__degree': 5, 'svc__gamma': 'auto', 'svc__kernel': 'poly'}",0.0,0.0,0.0,0.0,0.0,0.0,0.0,1
264,0.09358315467834473,0.0003490846447011786,0.023137998580932618,0.00020517524426988938,50,ovo,5,auto,linear,"{'svc__C': 50, 'svc__decision_function_shape': 'ovo', 'svc__degree': 5, 'svc__gamma': 'auto', 'svc__kernel': 'linear'}",0.0,0.0,0.0,0.0,0.0,0.0,0.0,1
263,0.09670791625976563,0.0006477049852918263,0.023424625396728516,0.00019616289034731684,50,ovo,3,scale,sigmoid,"{'svc__C': 50, 'svc__decision_function_shape': 'ovo', 'svc__degree': 3, 'svc__gamma': 'scale', 'svc__kernel': 'sigmoid'}",0.0,0.0,0.0,0.0,0.0,0.0,0.0,1
262,0.09823698997497558,0.0006139262282711434,0.03539242744445801,0.0002828515708173214,50,ovo,3,scale,rbf,"{'svc__C': 50, 'svc__decision_function_shape': 'ovo', 'svc__degree': 3, 'svc__gamma': 'scale', 'svc__kernel': 'rbf'}",0.0,0.0,0.0,0.0,0.0,0.0,0.0,1
269,0.09411191940307617,0.0005123871428102313,0.022904253005981444,0.00015188626568047892,50,ovo,5,scale,poly,"{'svc__C': 50, 'svc__decision_function_shape': 'ovo', 'svc__degree': 5, 'svc__gamma': 'scale', 'svc__kernel': 'poly'}",0.0,0.0,0.0,0.0,0.0,0.0,0.0,1
160,0.09353413581848144,0.0014794432355150124,0.022792959213256837,0.00010800657415655561,1,ovr,3,auto,linear,"{'svc__C': 1, 'svc__decision_function_shape': 'ovr', 'svc__degree': 3, 'svc__gamma': 'auto', 'svc__kernel': 'linear'}",0.0,0.0,0.0,0.0,0.0,0.0,0.0,1
159,0.09499545097351074,0.00016344642362048947,0.0231809139251709,6.963559809217302e-05,1,ovo,20,scale,sigmoid,"{'svc__C': 1, 'svc__decision_function_shape': 'ovo', 'svc__degree': 20, 'svc__gamma': 'scale', 'svc__kernel': 'sigmoid'}",0.0,0.0,0.0,0.0,0.0,0.0,0.0,1
158,0.09669051170349122,0.0006194350823239412,0.03492693901062012,0.00013853357853905185,1,ovo,20,scale,rbf,"{'svc__C': 1, 'svc__decision_function_shape': 'ovo', 'svc__degree': 20, 'svc__gamma': 'scale', 'svc__kernel': 'rbf'}",0.0,0.0,0.0,0.0,0.0,0.0,0.0,1
56,0.09278812408447265,0.00042625781799973477,0.022768211364746094,0.00018194855091197741,0.1,ovr,20,auto,linear,"{'svc__C': 0.1, 'svc__decision_function_shape': 'ovr', 'svc__degree': 20, 'svc__gamma': 'auto', 'svc__kernel': 'linear'}",0.0,0.0,0.0,0.0,0.0,0.0,0.0,1
55,0.09503941535949707,0.00036908558763683975,0.02325015068054199,0.00015419725243723189,0.1,ovr,10,scale,sigmoid,"{'svc__C': 0.1, 'svc__decision_function_shape': 'ovr', 'svc__degree': 10, 'svc__gamma': 'scale', 'svc__kernel': 'sigmoid'}",0.0,0.0,0.0,0.0,0.0,0.0,0.0,1
54,0.09650044441223145,0.0009087138081481983,0.03499588966369629,0.00021021465494025482,0.1,ovr,10,scale,rbf,"{'svc__C': 0.1, 'svc__decision_function_shape': 'ovr', 'svc__degree': 10, 'svc__gamma': 'scale', 'svc__kernel': 'rbf'}",0.0,0.0,0.0,0.0,0.0,0.0,0.0,1
53,0.09358854293823242,0.0007964772704847256,0.023066043853759766,0.0002516224096093811,0.1,ovr,10,scale,poly,"{'svc__C': 0.1, 'svc__decision_function_shape': 'ovr', 'svc__degree': 10, 'svc__gamma': 'scale', 'svc__kernel': 'poly'}",0.0,0.0,0.0,0.0,0.0,0.0,0.0,1
52,0.09336318969726562,0.0003530593447897667,0.02286982536315918,0.00018698201080879785,0.1,ovr,10,scale,linear,"{'svc__C': 0.1, 'svc__decision_function_shape': 'ovr', 'svc__degree': 10, 'svc__gamma': 'scale', 'svc__kernel': 'linear'}",0.0,0.0,0.0,0.0,0.0,0.0,0.0,1
51,0.09465126991271973,0.00028162688018641804,0.02321467399597168,0.00013636413940985037,0.1,ovr,10,auto,sigmoid,"{'svc__C': 0.1, 'svc__decision_function_shape': 'ovr', 'svc__degree': 10, 'svc__gamma': 'auto', 'svc__kernel': 'sigmoid'}",0.0,0.0,0.0,0.0,0.0,0.0,0.0,1
50,0.09575958251953125,0.00041665558846162284,0.03490467071533203,0.00017843698825127739,0.1,ovr,10,auto,rbf,"{'svc__C': 0.1, 'svc__decision_function_shape': 'ovr', 'svc__degree': 10, 'svc__gamma': 'auto', 'svc__kernel': 'rbf'}",0.0,0.0,0.0,0.0,0.0,0.0,0.0,1
57,0.09271998405456543,0.0003166295460866463,0.02290658950805664,0.00025337245729220635,0.1,ovr,20,auto,poly,"{'svc__C': 0.1, 'svc__decision_function_shape': 'ovr', 'svc__degree': 20, 'svc__gamma': 'auto', 'svc__kernel': 'poly'}",0.0,0.0,0.0,0.0,0.0,0.0,0.0,1
49,0.09294395446777344,0.0008450251022068312,0.02291979789733887,0.0002072100027038704,0.1,ovr,10,auto,poly,"{'svc__C': 0.1, 'svc__decision_function_shape': 'ovr', 'svc__degree': 10, 'svc__gamma': 'auto', 'svc__kernel': 'poly'}",0.0,0.0,0.0,0.0,0.0,0.0,0.0,1
47,0.09534564018249511,0.0003155932457400182,0.023367547988891603,0.00018293741829380564,0.1,ovr,5,scale,sigmoid,"{'svc__C': 0.1, 'svc__decision_function_shape': 'ovr', 'svc__degree': 5, 'svc__gamma': 'scale', 'svc__kernel': 'sigmoid'}",0.0,0.0,0.0,0.0,0.0,0.0,0.0,1
46,0.09617023468017578,0.0002943566179917703,0.034929084777832034,0.00019118764302652702,0.1,ovr,5,scale,rbf,"{'svc__C': 0.1, 'svc__decision_function_shape': 'ovr', 'svc__degree': 5, 'svc__gamma': 'scale', 'svc__kernel': 'rbf'}",0.0,0.0,0.0,0.0,0.0,0.0,0.0,1
45,0.09311876296997071,0.0003348052471436307,0.02284383773803711,0.00011190779913913494,0.1,ovr,5,scale,poly,"{'svc__C': 0.1, 'svc__decision_function_shape': 'ovr', 'svc__degree': 5, 'svc__gamma': 'scale', 'svc__kernel': 'poly'}",0.0,0.0,0.0,0.0,0.0,0.0,0.0,1
44,0.09368586540222168,0.0007997920586343437,0.022852611541748048,0.00017741151812796053,0.1,ovr,5,scale,linear,"{'svc__C': 0.1, 'svc__decision_function_shape': 'ovr', 'svc__degree': 5, 'svc__gamma': 'scale', 'svc__kernel': 'linear'}",0.0,0.0,0.0,0.0,0.0,0.0,0.0,1
43,0.09579238891601563,0.0007744364620553579,0.02357616424560547,0.0003170896328588023,0.1,ovr,5,auto,sigmoid,"{'svc__C': 0.1, 'svc__decision_function_shape': 'ovr', 'svc__degree': 5, 'svc__gamma': 'auto', 'svc__kernel': 'sigmoid'}",0.0,0.0,0.0,0.0,0.0,0.0,0.0,1
42,0.09591207504272461,0.0006741811464488731,0.035065221786499026,0.00025917208927698604,0.1,ovr,5,auto,rbf,"{'svc__C': 0.1, 'svc__decision_function_shape': 'ovr', 'svc__degree': 5, 'svc__gamma': 'auto', 'svc__kernel': 'rbf'}",0.0,0.0,0.0,0.0,0.0,0.0,0.0,1
41,0.0925532341003418,0.0005081398927926354,0.0228635311126709,0.00012688838372247244,0.1,ovr,5,auto,poly,"{'svc__C': 0.1, 'svc__decision_function_shape': 'ovr', 'svc__degree': 5, 'svc__gamma': 'auto', 'svc__kernel': 'poly'}",0.0,0.0,0.0,0.0,0.0,0.0,0.0,1
48,0.09310717582702636,0.0008085648040302679,0.022857046127319335,0.00018026548595847058,0.1,ovr,10,auto,linear,"{'svc__C': 0.1, 'svc__decision_function_shape': 'ovr', 'svc__degree': 10, 'svc__gamma': 'auto', 'svc__kernel': 'linear'}",0.0,0.0,0.0,0.0,0.0,0.0,0.0,1
40,0.09267630577087402,0.0004947146013400915,0.022772598266601562,0.00019615943617962356,0.1,ovr,5,auto,linear,"{'svc__C': 0.1, 'svc__decision_function_shape': 'ovr', 'svc__degree': 5, 'svc__gamma': 'auto', 'svc__kernel': 'linear'}",0.0,0.0,0.0,0.0,0.0,0.0,0.0,1
58,0.09612598419189453,0.00055505569011754,0.0350285530090332,0.00019078233843284063,0.1,ovr,20,auto,rbf,"{'svc__C': 0.1, 'svc__decision_function_shape': 'ovr', 'svc__degree': 20, 'svc__gamma': 'auto', 'svc__kernel': 'rbf'}",0.0,0.0,0.0,0.0,0.0,0.0,0.0,1
60,0.09302501678466797,0.00029515154700702735,0.02272062301635742,0.00010697684096640033,0.1,ovr,20,scale,linear,"{'svc__C': 0.1, 'svc__decision_function_shape': 'ovr', 'svc__degree': 20, 'svc__gamma': 'scale', 'svc__kernel': 'linear'}",0.0,0.0,0.0,0.0,0.0,0.0,0.0,1
76,0.09360785484313965,0.0006465901561886391,0.02283139228820801,0.0001818981826757148,0.5,ovo,5,scale,linear,"{'svc__C': 0.5, 'svc__decision_function_shape': 'ovo', 'svc__degree': 5, 'svc__gamma': 'scale', 'svc__kernel': 'linear'}",0.0,0.0,0.0,0.0,0.0,0.0,0.0,1
75,0.09587416648864747,0.001289456970322424,0.02341599464416504,0.00033343437610186636,0.5,ovo,5,auto,sigmoid,"{'svc__C': 0.5, 'svc__decision_function_shape': 'ovo', 'svc__degree': 5, 'svc__gamma': 'auto', 'svc__kernel': 'sigmoid'}",0.0,0.0,0.0,0.0,0.0,0.0,0.0,1
74,0.0967289924621582,0.0011189190063837253,0.035050487518310545,0.00022298888851679432,0.5,ovo,5,auto,rbf,"{'svc__C': 0.5, 'svc__decision_function_shape': 'ovo', 'svc__degree': 5, 'svc__gamma': 'auto', 'svc__kernel': 'rbf'}",0.0,0.0,0.0,0.0,0.0,0.0,0.0,1
73,0.09304862022399903,0.0007490076422094434,0.022864007949829103,8.879555498878017e-05,0.5,ovo,5,auto,poly,"{'svc__C': 0.5, 'svc__decision_function_shape': 'ovo', 'svc__degree': 5, 'svc__gamma': 'auto', 'svc__kernel': 'poly'}",0.0,0.0,0.0,0.0,0.0,0.0,0.0,1
72,0.09311499595642089,0.0008930032040746552,0.022847843170166016,8.40234430387843e-05,0.5,ovo,5,auto,linear,"{'svc__C': 0.5, 'svc__decision_function_shape': 'ovo', 'svc__degree': 5, 'svc__gamma': 'auto', 'svc__kernel': 'linear'}",0.0,0.0,0.0,0.0,0.0,0.0,0.0,1
71,0.09568209648132324,0.0006543503499130271,0.023318958282470704,0.00014615081457273115,0.5,ovo,3,scale,sigmoid,"{'svc__C': 0.5, 'svc__decision_function_shape': 'ovo', 'svc__degree': 3, 'svc__gamma': 'scale', 'svc__kernel': 'sigmoid'}",0.0,0.0,0.0,0.0,0.0,0.0,0.0,1
70,0.0962634563446045,0.0003213920437392997,0.0348907470703125,0.00018311457064974163,0.5,ovo,3,scale,rbf,"{'svc__C': 0.5, 'svc__decision_function_shape': 'ovo', 'svc__degree': 3, 'svc__gamma': 'scale', 'svc__kernel': 'rbf'}",0.0,0.0,0.0,0.0,0.0,0.0,0.0,1
59,0.09463381767272949,0.00039044651199573896,0.023255300521850587,0.0001288947729703219,0.1,ovr,20,auto,sigmoid,"{'svc__C': 0.1, 'svc__decision_function_shape': 'ovr', 'svc__degree': 20, 'svc__gamma': 'auto', 'svc__kernel': 'sigmoid'}",0.0,0.0,0.0,0.0,0.0,0.0,0.0,1
69,0.09371719360351563,0.0008327209311505748,0.022914695739746093,0.00021999777217243901,0.5,ovo,3,scale,poly,"{'svc__C': 0.5, 'svc__decision_function_shape': 'ovo', 'svc__degree': 3, 'svc__gamma': 'scale', 'svc__kernel': 'poly'}",0.0,0.0,0.0,0.0,0.0,0.0,0.0,1
67,0.09532179832458496,0.0008817954335346109,0.02346639633178711,0.0003375922352864505,0.5,ovo,3,auto,sigmoid,"{'svc__C': 0.5, 'svc__decision_function_shape': 'ovo', 'svc__degree': 3, 'svc__gamma': 'auto', 'svc__kernel': 'sigmoid'}",0.0,0.0,0.0,0.0,0.0,0.0,0.0,1
66,0.09590950012207031,0.0002809946633179093,0.034987354278564455,0.00014070741427387527,0.5,ovo,3,auto,rbf,"{'svc__C': 0.5, 'svc__decision_function_shape': 'ovo', 'svc__degree': 3, 'svc__gamma': 'auto', 'svc__kernel': 'rbf'}",0.0,0.0,0.0,0.0,0.0,0.0,0.0,1
65,0.09288744926452637,0.0005689572216749624,0.022892570495605467,0.00020438119492922,0.5,ovo,3,auto,poly,"{'svc__C': 0.5, 'svc__decision_function_shape': 'ovo', 'svc__degree': 3, 'svc__gamma': 'auto', 'svc__kernel': 'poly'}",0.0,0.0,0.0,0.0,0.0,0.0,0.0,1
64,0.09288825988769531,0.0007528370472053808,0.022809362411499022,0.00017302380423443565,0.5,ovo,3,auto,linear,"{'svc__C': 0.5, 'svc__decision_function_shape': 'ovo', 'svc__degree': 3, 'svc__gamma': 'auto', 'svc__kernel': 'linear'}",0.0,0.0,0.0,0.0,0.0,0.0,0.0,1
63,0.09550776481628417,0.00077482065832578,0.023229455947875975,0.0001020044404872325,0.1,ovr,20,scale,sigmoid,"{'svc__C': 0.1, 'svc__decision_function_shape': 'ovr', 'svc__degree': 20, 'svc__gamma': 'scale', 'svc__kernel': 'sigmoid'}",0.0,0.0,0.0,0.0,0.0,0.0,0.0,1
62,0.09662561416625977,0.0005017227782736822,0.03502216339111328,0.00023163420088212253,0.1,ovr,20,scale,rbf,"{'svc__C': 0.1, 'svc__decision_function_shape': 'ovr', 'svc__degree': 20, 'svc__gamma': 'scale', 'svc__kernel': 'rbf'}",0.0,0.0,0.0,0.0,0.0,0.0,0.0,1
61,0.09294815063476562,0.00019900736957781647,0.022847890853881836,8.265680212230437e-05,0.1,ovr,20,scale,poly,"{'svc__C': 0.1, 'svc__decision_function_shape': 'ovr', 'svc__degree': 20, 'svc__gamma': 'scale', 'svc__kernel': 'poly'}",0.0,0.0,0.0,0.0,0.0,0.0,0.0,1
68,0.09516816139221192,0.001507245052461366,0.023043251037597655,0.00035959575280053696,0.5,ovo,3,scale,linear,"{'svc__C': 0.5, 'svc__decision_function_shape': 'ovo', 'svc__degree': 3, 'svc__gamma': 'scale', 'svc__kernel': 'linear'}",0.0,0.0,0.0,0.0,0.0,0.0,0.0,1
77,0.09370741844177247,0.0008164645491037539,0.022933197021484376,0.000124530330662362,0.5,ovo,5,scale,poly,"{'svc__C': 0.5, 'svc__decision_function_shape': 'ovo', 'svc__degree': 5, 'svc__gamma': 'scale', 'svc__kernel': 'poly'}",0.0,0.0,0.0,0.0,0.0,0.0,0.0,1
39,0.09537978172302246,0.0007394922248903192,0.023258209228515625,9.765469002222784e-05,0.1,ovr,3,scale,sigmoid,"{'svc__C': 0.1, 'svc__decision_function_shape': 'ovr', 'svc__degree': 3, 'svc__gamma': 'scale', 'svc__kernel': 'sigmoid'}",0.0,0.0,0.0,0.0,0.0,0.0,0.0,1
37,0.0932197093963623,0.0005286094535765453,0.022841548919677733,0.00017190403476731106,0.1,ovr,3,scale,poly,"{'svc__C': 0.1, 'svc__decision_function_shape': 'ovr', 'svc__degree': 3, 'svc__gamma': 'scale', 'svc__kernel': 'poly'}",0.0,0.0,0.0,0.0,0.0,0.0,0.0,1
16,0.0933311939239502,0.00107867502078837,0.022932100296020507,0.00021478803613959361,0.1,ovo,10,auto,linear,"{'svc__C': 0.1, 'svc__decision_function_shape': 'ovo', 'svc__degree': 10, 'svc__gamma': 'auto', 'svc__kernel': 'linear'}",0.0,0.0,0.0,0.0,0.0,0.0,0.0,1
15,0.09591879844665527,0.0008199681235229224,0.023424148559570312,0.00019134085471906142,0.1,ovo,5,scale,sigmoid,"{'svc__C': 0.1, 'svc__decision_function_shape': 'ovo', 'svc__degree': 5, 'svc__gamma': 'scale', 'svc__kernel': 'sigmoid'}",0.0,0.0,0.0,0.0,0.0,0.0,0.0,1
14,0.09782671928405762,0.001526399337410576,0.035242319107055664,0.00030370847548040003,0.1,ovo,5,scale,rbf,"{'svc__C': 0.1, 'svc__decision_function_shape': 'ovo', 'svc__degree': 5, 'svc__gamma': 'scale', 'svc__kernel': 'rbf'}",0.0,0.0,0.0,0.0,0.0,0.0,0.0,1
13,0.09355645179748535,0.000686175768499399,0.022904586791992188,0.0002061480367484827,0.1,ovo,5,scale,poly,"{'svc__C': 0.1, 'svc__decision_function_shape': 'ovo', 'svc__degree': 5, 'svc__gamma': 'scale', 'svc__kernel': 'poly'}",0.0,0.0,0.0,0.0,0.0,0.0,0.0,1
12,0.09405555725097656,0.0011563232225036079,0.022845363616943358,0.00013652852941108704,0.1,ovo,5,scale,linear,"{'svc__C': 0.1, 'svc__decision_function_shape': 'ovo', 'svc__degree': 5, 'svc__gamma': 'scale', 'svc__kernel': 'linear'}",0.0,0.0,0.0,0.0,0.0,0.0,0.0,1
11,0.0952648639678955,0.0010913442928647172,0.023447751998901367,0.0002849107008095689,0.1,ovo,5,auto,sigmoid,"{'svc__C': 0.1, 'svc__decision_function_shape': 'ovo', 'svc__degree': 5, 'svc__gamma': 'auto', 'svc__kernel': 'sigmoid'}",0.0,0.0,0.0,0.0,0.0,0.0,0.0,1
10,0.0980910301208496,0.0008712936771776501,0.035323381423950195,0.0003378663997638765,0.1,ovo,5,auto,rbf,"{'svc__C': 0.1, 'svc__decision_function_shape': 'ovo', 'svc__degree': 5, 'svc__gamma': 'auto', 'svc__kernel': 'rbf'}",0.0,0.0,0.0,0.0,0.0,0.0,0.0,1
17,0.09286913871765137,0.00050897077826158,0.022916030883789063,0.00021390802244518074,0.1,ovo,10,auto,poly,"{'svc__C': 0.1, 'svc__decision_function_shape': 'ovo', 'svc__degree': 10, 'svc__gamma': 'auto', 'svc__kernel': 'poly'}",0.0,0.0,0.0,0.0,0.0,0.0,0.0,1
9,0.09401922225952149,0.00026640181500389145,0.023256778717041016,0.00041579924044435747,0.1,ovo,5,auto,poly,"{'svc__C': 0.1, 'svc__decision_function_shape': 'ovo', 'svc__degree': 5, 'svc__gamma': 'auto', 'svc__kernel': 'poly'}",0.0,0.0,0.0,0.0,0.0,0.0,0.0,1
7,0.09603362083435059,0.0006770901341628794,0.023369979858398438,0.00030000922895577275,0.1,ovo,3,scale,sigmoid,"{'svc__C': 0.1, 'svc__decision_function_shape': 'ovo', 'svc__degree': 3, 'svc__gamma': 'scale', 'svc__kernel': 'sigmoid'}",0.0,0.0,0.0,0.0,0.0,0.0,0.0,1
6,0.09695553779602051,0.0012394980337700106,0.035295867919921876,0.00039985826942672616,0.1,ovo,3,scale,rbf,"{'svc__C': 0.1, 'svc__decision_function_shape': 'ovo', 'svc__degree': 3, 'svc__gamma': 'scale', 'svc__kernel': 'rbf'}",0.0,0.0,0.0,0.0,0.0,0.0,0.0,1
5,0.09441165924072266,0.0006953518206196308,0.02310919761657715,0.00037177265819887824,0.1,ovo,3,scale,poly,"{'svc__C': 0.1, 'svc__decision_function_shape': 'ovo', 'svc__degree': 3, 'svc__gamma': 'scale', 'svc__kernel': 'poly'}",0.0,0.0,0.0,0.0,0.0,0.0,0.0,1
4,0.09662208557128907,0.0018012383414378354,0.023450708389282225,0.0003739556188319896,0.1,ovo,3,scale,linear,"{'svc__C': 0.1, 'svc__decision_function_shape': 'ovo', 'svc__degree': 3, 'svc__gamma': 'scale', 'svc__kernel': 'linear'}",0.0,0.0,0.0,0.0,0.0,0.0,0.0,1
3,0.0962681770324707,0.0005657695889978771,0.02356710433959961,0.00024753344849750707,0.1,ovo,3,auto,sigmoid,"{'svc__C': 0.1, 'svc__decision_function_shape': 'ovo', 'svc__degree': 3, 'svc__gamma': 'auto', 'svc__kernel': 'sigmoid'}",0.0,0.0,0.0,0.0,0.0,0.0,0.0,1
2,0.0969508171081543,0.00031694531949858195,0.035188817977905275,0.0003479858330638706,0.1,ovo,3,auto,rbf,"{'svc__C': 0.1, 'svc__decision_function_shape': 'ovo', 'svc__degree': 3, 'svc__gamma': 'auto', 'svc__kernel': 'rbf'}",0.0,0.0,0.0,0.0,0.0,0.0,0.0,1
1,0.09391169548034668,0.001001326542313761,0.02304229736328125,0.00013408035152480437,0.1,ovo,3,auto,poly,"{'svc__C': 0.1, 'svc__decision_function_shape': 'ovo', 'svc__degree': 3, 'svc__gamma': 'auto', 'svc__kernel': 'poly'}",0.0,0.0,0.0,0.0,0.0,0.0,0.0,1
8,0.09253053665161133,0.00021533378985015556,0.022699403762817382,6.695724216144577e-05,0.1,ovo,5,auto,linear,"{'svc__C': 0.1, 'svc__decision_function_shape': 'ovo', 'svc__degree': 5, 'svc__gamma': 'auto', 'svc__kernel': 'linear'}",0.0,0.0,0.0,0.0,0.0,0.0,0.0,1
38,0.09660940170288086,0.0007313287016332197,0.035059213638305664,0.00022935188227888613,0.1,ovr,3,scale,rbf,"{'svc__C': 0.1, 'svc__decision_function_shape': 'ovr', 'svc__degree': 3, 'svc__gamma': 'scale', 'svc__kernel': 'rbf'}",0.0,0.0,0.0,0.0,0.0,0.0,0.0,1
18,0.0961839199066162,0.000585739855537665,0.03521518707275391,0.00028139361863517635,0.1,ovo,10,auto,rbf,"{'svc__C': 0.1, 'svc__decision_function_shape': 'ovo', 'svc__degree': 10, 'svc__gamma': 'auto', 'svc__kernel': 'rbf'}",0.0,0.0,0.0,0.0,0.0,0.0,0.0,1
20,0.09321093559265137,0.0005430454485982128,0.02271442413330078,4.637995783574257e-05,0.1,ovo,10,scale,linear,"{'svc__C': 0.1, 'svc__decision_function_shape': 'ovo', 'svc__degree': 10, 'svc__gamma': 'scale', 'svc__kernel': 'linear'}",0.0,0.0,0.0,0.0,0.0,0.0,0.0,1
36,0.0932614803314209,0.0005212921340711042,0.022770500183105467,0.00011682730302881474,0.1,ovr,3,scale,linear,"{'svc__C': 0.1, 'svc__decision_function_shape': 'ovr', 'svc__degree': 3, 'svc__gamma': 'scale', 'svc__kernel': 'linear'}",0.0,0.0,0.0,0.0,0.0,0.0,0.0,1
35,0.09467544555664062,0.0004887962233388996,0.023212575912475587,0.00014365755930181783,0.1,ovr,3,auto,sigmoid,"{'svc__C': 0.1, 'svc__decision_function_shape': 'ovr', 'svc__degree': 3, 'svc__gamma': 'auto', 'svc__kernel': 'sigmoid'}",0.0,0.0,0.0,0.0,0.0,0.0,0.0,1
34,0.09613623619079589,0.0007409898254393849,0.03496079444885254,0.0001685051977664621,0.1,ovr,3,auto,rbf,"{'svc__C': 0.1, 'svc__decision_function_shape': 'ovr', 'svc__degree': 3, 'svc__gamma': 'auto', 'svc__kernel': 'rbf'}",0.0,0.0,0.0,0.0,0.0,0.0,0.0,1
33,0.09269256591796875,0.00020329142350028885,0.023034381866455077,0.0002624655874862065,0.1,ovr,3,auto,poly,"{'svc__C': 0.1, 'svc__decision_function_shape': 'ovr', 'svc__degree': 3, 'svc__gamma': 'auto', 'svc__kernel': 'poly'}",0.0,0.0,0.0,0.0,0.0,0.0,0.0,1
32,0.09274139404296874,0.0004868586919734553,0.02279977798461914,0.0002520109598760828,0.1,ovr,3,auto,linear,"{'svc__C': 0.1, 'svc__decision_function_shape': 'ovr', 'svc__degree': 3, 'svc__gamma': 'auto', 'svc__kernel': 'linear'}",0.0,0.0,0.0,0.0,0.0,0.0,0.0,1
31,0.09485511779785157,0.0002609538301818342,0.023255109786987305,0.0001343289291118528,0.1,ovo,20,scale,sigmoid,"{'svc__C': 0.1, 'svc__decision_function_shape': 'ovo', 'svc__degree': 20, 'svc__gamma': 'scale', 'svc__kernel': 'sigmoid'}",0.0,0.0,0.0,0.0,0.0,0.0,0.0,1
30,0.09614992141723633,0.00044729175814030753,0.03493146896362305,0.00017108518538406503,0.1,ovo,20,scale,rbf,"{'svc__C': 0.1, 'svc__decision_function_shape': 'ovo', 'svc__degree': 20, 'svc__gamma': 'scale', 'svc__kernel': 'rbf'}",0.0,0.0,0.0,0.0,0.0,0.0,0.0,1
19,0.09500465393066407,0.0007329931210758038,0.023299360275268556,9.384823984650396e-05,0.1,ovo,10,auto,sigmoid,"{'svc__C': 0.1, 'svc__decision_function_shape': 'ovo', 'svc__degree': 10, 'svc__gamma': 'auto', 'svc__kernel': 'sigmoid'}",0.0,0.0,0.0,0.0,0.0,0.0,0.0,1
29,0.09329652786254883,0.0007419205100513412,0.02294745445251465,0.00017447487908517595,0.1,ovo,20,scale,poly,"{'svc__C': 0.1, 'svc__decision_function_shape': 'ovo', 'svc__degree': 20, 'svc__gamma': 'scale', 'svc__kernel': 'poly'}",0.0,0.0,0.0,0.0,0.0,0.0,0.0,1
27,0.0948035717010498,0.0005688258993391664,0.02326040267944336,0.0001996215647669332,0.1,ovo,20,auto,sigmoid,"{'svc__C': 0.1, 'svc__decision_function_shape': 'ovo', 'svc__degree': 20, 'svc__gamma': 'auto', 'svc__kernel': 'sigmoid'}",0.0,0.0,0.0,0.0,0.0,0.0,0.0,1
26,0.0957334041595459,0.00044049650433492074,0.03491888046264648,0.00017256904747749507,0.1,ovo,20,auto,rbf,"{'svc__C': 0.1, 'svc__decision_function_shape': 'ovo', 'svc__degree': 20, 'svc__gamma': 'auto', 'svc__kernel': 'rbf'}",0.0,0.0,0.0,0.0,0.0,0.0,0.0,1
25,0.09269356727600098,0.0005803309604030933,0.02282571792602539,8.352044780187394e-05,0.1,ovo,20,auto,poly,"{'svc__C': 0.1, 'svc__decision_function_shape': 'ovo', 'svc__degree': 20, 'svc__gamma': 'auto', 'svc__kernel': 'poly'}",0.0,0.0,0.0,0.0,0.0,0.0,0.0,1
24,0.09309663772583007,0.0009246221032146836,0.02283649444580078,9.20503721300431e-05,0.1,ovo,20,auto,linear,"{'svc__C': 0.1, 'svc__decision_function_shape': 'ovo', 'svc__degree': 20, 'svc__gamma': 'auto', 'svc__kernel': 'linear'}",0.0,0.0,0.0,0.0,0.0,0.0,0.0,1
23,0.09557428359985351,0.0006468609617023912,0.023379802703857422,0.00019820188332258208,0.1,ovo,10,scale,sigmoid,"{'svc__C': 0.1, 'svc__decision_function_shape': 'ovo', 'svc__degree': 10, 'svc__gamma': 'scale', 'svc__kernel': 'sigmoid'}",0.0,0.0,0.0,0.0,0.0,0.0,0.0,1
22,0.09625401496887206,0.00017699226710520154,0.03499927520751953,0.0002579865564168778,0.1,ovo,10,scale,rbf,"{'svc__C': 0.1, 'svc__decision_function_shape': 'ovo', 'svc__degree': 10, 'svc__gamma': 'scale', 'svc__kernel': 'rbf'}",0.0,0.0,0.0,0.0,0.0,0.0,0.0,1
21,0.09506063461303711,0.0014743875053678218,0.023134422302246094,0.0003828032371911904,0.1,ovo,10,scale,poly,"{'svc__C': 0.1, 'svc__decision_function_shape': 'ovo', 'svc__degree': 10, 'svc__gamma': 'scale', 'svc__kernel': 'poly'}",0.0,0.0,0.0,0.0,0.0,0.0,0.0,1
28,0.0933405876159668,0.0004920115555620217,0.02291727066040039,0.0002353753416043242,0.1,ovo,20,scale,linear,"{'svc__C': 0.1, 'svc__decision_function_shape': 'ovo', 'svc__degree': 20, 'svc__gamma': 'scale', 'svc__kernel': 'linear'}",0.0,0.0,0.0,0.0,0.0,0.0,0.0,1
78,0.09656529426574707,0.0007744012411331786,0.0348869800567627,0.00016950542215458638,0.5,ovo,5,scale,rbf,"{'svc__C': 0.5, 'svc__decision_function_shape': 'ovo', 'svc__degree': 5, 'svc__gamma': 'scale', 'svc__kernel': 'rbf'}",0.0,0.0,0.0,0.0,0.0,0.0,0.0,1
79,0.09551410675048828,0.000628425903296156,0.023261833190917968,0.00021970053566660146,0.5,ovo,5,scale,sigmoid,"{'svc__C': 0.5, 'svc__decision_function_shape': 'ovo', 'svc__degree': 5, 'svc__gamma': 'scale', 'svc__kernel': 'sigmoid'}",0.0,0.0,0.0,0.0,0.0,0.0,0.0,1
80,0.09256205558776856,0.00033363126164802115,0.022722291946411132,0.00013623725787566588,0.5,ovo,10,auto,linear,"{'svc__C': 0.5, 'svc__decision_function_shape': 'ovo', 'svc__degree': 10, 'svc__gamma': 'auto', 'svc__kernel': 'linear'}",0.0,0.0,0.0,0.0,0.0,0.0,0.0,1
137,0.0942263126373291,0.0009954078342570734,0.023224496841430665,0.00043976107791047564,1,ovo,5,auto,poly,"{'svc__C': 1, 'svc__decision_function_shape': 'ovo', 'svc__degree': 5, 'svc__gamma': 'auto', 'svc__kernel': 'poly'}",0.0,0.0,0.0,0.0,0.0,0.0,0.0,1
136,0.09300718307495118,0.0003266071601364667,0.02291860580444336,0.00026477417910615033,1,ovo,5,auto,linear,"{'svc__C': 1, 'svc__decision_function_shape': 'ovo', 'svc__degree': 5, 'svc__gamma': 'auto', 'svc__kernel': 'linear'}",0.0,0.0,0.0,0.0,0.0,0.0,0.0,1
135,0.09627127647399902,0.0007968770281029805,0.02344541549682617,0.00038504042193259185,1,ovo,3,scale,sigmoid,"{'svc__C': 1, 'svc__decision_function_shape': 'ovo', 'svc__degree': 3, 'svc__gamma': 'scale', 'svc__kernel': 'sigmoid'}",0.0,0.0,0.0,0.0,0.0,0.0,0.0,1
134,0.09776892662048339,0.0008352153483768578,0.03518271446228027,0.0003127796973924141,1,ovo,3,scale,rbf,"{'svc__C': 1, 'svc__decision_function_shape': 'ovo', 'svc__degree': 3, 'svc__gamma': 'scale', 'svc__kernel': 'rbf'}",0.0,0.0,0.0,0.0,0.0,0.0,0.0,1
133,0.09597034454345703,0.0010989608312218706,0.02339010238647461,0.0005176140469737941,1,ovo,3,scale,poly,"{'svc__C': 1, 'svc__decision_function_shape': 'ovo', 'svc__degree': 3, 'svc__gamma': 'scale', 'svc__kernel': 'poly'}",0.0,0.0,0.0,0.0,0.0,0.0,0.0,1
132,0.09551448822021484,0.0006243997402147036,0.023276901245117186,0.0004166235867202495,1,ovo,3,scale,linear,"{'svc__C': 1, 'svc__decision_function_shape': 'ovo', 'svc__degree': 3, 'svc__gamma': 'scale', 'svc__kernel': 'linear'}",0.0,0.0,0.0,0.0,0.0,0.0,0.0,1
131,0.09597640037536621,0.0012666244506462554,0.02353692054748535,0.0002613416965132859,1,ovo,3,auto,sigmoid,"{'svc__C': 1, 'svc__decision_function_shape': 'ovo', 'svc__degree': 3, 'svc__gamma': 'auto', 'svc__kernel': 'sigmoid'}",0.0,0.0,0.0,0.0,0.0,0.0,0.0,1
138,0.0970423698425293,0.0010136420822241456,0.03510704040527344,0.00026111633260359444,1,ovo,5,auto,rbf,"{'svc__C': 1, 'svc__decision_function_shape': 'ovo', 'svc__degree': 5, 'svc__gamma': 'auto', 'svc__kernel': 'rbf'}",0.0,0.0,0.0,0.0,0.0,0.0,0.0,1
130,0.09690623283386231,0.0009008815969353324,0.035213565826416014,0.0003346524777073871,1,ovo,3,auto,rbf,"{'svc__C': 1, 'svc__decision_function_shape': 'ovo', 'svc__degree': 3, 'svc__gamma': 'auto', 'svc__kernel': 'rbf'}",0.0,0.0,0.0,0.0,0.0,0.0,0.0,1
128,0.09318270683288574,0.0006908344372950003,0.022925329208374024,0.00021348236552157143,1,ovo,3,auto,linear,"{'svc__C': 1, 'svc__decision_function_shape': 'ovo', 'svc__degree': 3, 'svc__gamma': 'auto', 'svc__kernel': 'linear'}",0.0,0.0,0.0,0.0,0.0,0.0,0.0,1
127,0.09578213691711426,0.0007654451945140734,0.023351240158081054,0.00019549697772922104,0.5,ovr,20,scale,sigmoid,"{'svc__C': 0.5, 'svc__decision_function_shape': 'ovr', 'svc__degree': 20, 'svc__gamma': 'scale', 'svc__kernel': 'sigmoid'}",0.0,0.0,0.0,0.0,0.0,0.0,0.0,1
126,0.09696121215820312,0.00088962145710731,0.035106229782104495,0.00026561333803772427,0.5,ovr,20,scale,rbf,"{'svc__C': 0.5, 'svc__decision_function_shape': 'ovr', 'svc__degree': 20, 'svc__gamma': 'scale', 'svc__kernel': 'rbf'}",0.0,0.0,0.0,0.0,0.0,0.0,0.0,1
125,0.09384427070617676,0.0011972350281647568,0.022950172424316406,0.00018102907778366946,0.5,ovr,20,scale,poly,"{'svc__C': 0.5, 'svc__decision_function_shape': 'ovr', 'svc__degree': 20, 'svc__gamma': 'scale', 'svc__kernel': 'poly'}",0.0,0.0,0.0,0.0,0.0,0.0,0.0,1
124,0.09435138702392579,0.001072417079372208,0.02298450469970703,0.0003367834719749017,0.5,ovr,20,scale,linear,"{'svc__C': 0.5, 'svc__decision_function_shape': 'ovr', 'svc__degree': 20, 'svc__gamma': 'scale', 'svc__kernel': 'linear'}",0.0,0.0,0.0,0.0,0.0,0.0,0.0,1
123,0.09571037292480469,0.00031090947726133944,0.02354722023010254,0.0002520511062359756,0.5,ovr,20,auto,sigmoid,"{'svc__C': 0.5, 'svc__decision_function_shape': 'ovr', 'svc__degree': 20, 'svc__gamma': 'auto', 'svc__kernel': 'sigmoid'}",0.0,0.0,0.0,0.0,0.0,0.0,0.0,1
122,0.09675350189208984,0.0007862853249739158,0.03510160446166992,0.00027422889629207827,0.5,ovr,20,auto,rbf,"{'svc__C': 0.5, 'svc__decision_function_shape': 'ovr', 'svc__degree': 20, 'svc__gamma': 'auto', 'svc__kernel': 'rbf'}",0.0,0.0,0.0,0.0,0.0,0.0,0.0,1
129,0.09394230842590331,0.0009744121837486447,0.02303938865661621,0.00017331036002966982,1,ovo,3,auto,poly,"{'svc__C': 1, 'svc__decision_function_shape': 'ovo', 'svc__degree': 3, 'svc__gamma': 'auto', 'svc__kernel': 'poly'}",0.0,0.0,0.0,0.0,0.0,0.0,0.0,1
121,0.0944408893585205,0.00032596674629395775,0.0234586238861084,0.0003995037385054912,0.5,ovr,20,auto,poly,"{'svc__C': 0.5, 'svc__decision_function_shape': 'ovr', 'svc__degree': 20, 'svc__gamma': 'auto', 'svc__kernel': 'poly'}",0.0,0.0,0.0,0.0,0.0,0.0,0.0,1
139,0.0954246997833252,0.0008388472259210981,0.02324705123901367,8.332985490673831e-05,1,ovo,5,auto,sigmoid,"{'svc__C': 1, 'svc__decision_function_shape': 'ovo', 'svc__degree': 5, 'svc__gamma': 'auto', 'svc__kernel': 'sigmoid'}",0.0,0.0,0.0,0.0,0.0,0.0,0.0,1
141,0.09569001197814941,0.0010778750235210838,0.02322382926940918,0.0002884439720803257,1,ovo,5,scale,poly,"{'svc__C': 1, 'svc__decision_function_shape': 'ovo', 'svc__degree': 5, 'svc__gamma': 'scale', 'svc__kernel': 'poly'}",0.0,0.0,0.0,0.0,0.0,0.0,0.0,1
157,0.09480113983154297,0.0006292181939450611,0.023018693923950194,0.00026649394282303923,1,ovo,20,scale,poly,"{'svc__C': 1, 'svc__decision_function_shape': 'ovo', 'svc__degree': 20, 'svc__gamma': 'scale', 'svc__kernel': 'poly'}",0.0,0.0,0.0,0.0,0.0,0.0,0.0,1
156,0.0939051628112793,0.00115047935496346,0.02300105094909668,0.0003350019989450727,1,ovo,20,scale,linear,"{'svc__C': 1, 'svc__decision_function_shape': 'ovo', 'svc__degree': 20, 'svc__gamma': 'scale', 'svc__kernel': 'linear'}",0.0,0.0,0.0,0.0,0.0,0.0,0.0,1
155,0.09460029602050782,0.00021566035774755598,0.023193216323852538,7.232247513521769e-05,1,ovo,20,auto,sigmoid,"{'svc__C': 1, 'svc__decision_function_shape': 'ovo', 'svc__degree': 20, 'svc__gamma': 'auto', 'svc__kernel': 'sigmoid'}",0.0,0.0,0.0,0.0,0.0,0.0,0.0,1
154,0.09580526351928711,0.00024994613076220583,0.034828567504882814,0.00011249280854089684,1,ovo,20,auto,rbf,"{'svc__C': 1, 'svc__decision_function_shape': 'ovo', 'svc__degree': 20, 'svc__gamma': 'auto', 'svc__kernel': 'rbf'}",0.0,0.0,0.0,0.0,0.0,0.0,0.0,1
153,0.09277682304382324,0.00023445498773611403,0.022810935974121094,6.555201659826348e-05,1,ovo,20,auto,poly,"{'svc__C': 1, 'svc__decision_function_shape': 'ovo', 'svc__degree': 20, 'svc__gamma': 'auto', 'svc__kernel': 'poly'}",0.0,0.0,0.0,0.0,0.0,0.0,0.0,1
152,0.09347825050354004,0.0007664238131570198,0.022835969924926758,0.00026958249254385724,1,ovo,20,auto,linear,"{'svc__C': 1, 'svc__decision_function_shape': 'ovo', 'svc__degree': 20, 'svc__gamma': 'auto', 'svc__kernel': 'linear'}",0.0,0.0,0.0,0.0,0.0,0.0,0.0,1
151,0.09595217704772949,0.0013106779398623512,0.023364448547363283,0.00018206255908947985,1,ovo,10,scale,sigmoid,"{'svc__C': 1, 'svc__decision_function_shape': 'ovo', 'svc__degree': 10, 'svc__gamma': 'scale', 'svc__kernel': 'sigmoid'}",0.0,0.0,0.0,0.0,0.0,0.0,0.0,1
140,0.09385170936584472,0.0007430403908703211,0.02284393310546875,0.00023738525579203545,1,ovo,5,scale,linear,"{'svc__C': 1, 'svc__decision_function_shape': 'ovo', 'svc__degree': 5, 'svc__gamma': 'scale', 'svc__kernel': 'linear'}",0.0,0.0,0.0,0.0,0.0,0.0,0.0,1
150,0.09817733764648437,0.0008134702528131621,0.03540172576904297,0.000367471999762969,1,ovo,10,scale,rbf,"{'svc__C': 1, 'svc__decision_function_shape': 'ovo', 'svc__degree': 10, 'svc__gamma': 'scale', 'svc__kernel': 'rbf'}",0.0,0.0,0.0,0.0,0.0,0.0,0.0,1
148,0.09612994194030762,0.0013436954300301666,0.02348017692565918,0.00016385723386850705,1,ovo,10,scale,linear,"{'svc__C': 1, 'svc__decision_function_shape': 'ovo', 'svc__degree': 10, 'svc__gamma': 'scale', 'svc__kernel': 'linear'}",0.0,0.0,0.0,0.0,0.0,0.0,0.0,1
147,0.09465055465698242,0.00013959177937231609,0.023184823989868163,9.889278480123699e-05,1,ovo,10,auto,sigmoid,"{'svc__C': 1, 'svc__decision_function_shape': 'ovo', 'svc__degree': 10, 'svc__gamma': 'auto', 'svc__kernel': 'sigmoid'}",0.0,0.0,0.0,0.0,0.0,0.0,0.0,1
146,0.09670634269714355,0.0007906650632695388,0.03522467613220215,0.00019373307511447724,1,ovo,10,auto,rbf,"{'svc__C': 1, 'svc__decision_function_shape': 'ovo', 'svc__degree': 10, 'svc__gamma': 'auto', 'svc__kernel': 'rbf'}",0.0,0.0,0.0,0.0,0.0,0.0,0.0,1
145,0.0936272144317627,0.0006539699676383552,0.0228912353515625,0.00015768200940640794,1,ovo,10,auto,poly,"{'svc__C': 1, 'svc__decision_function_shape': 'ovo', 'svc__degree': 10, 'svc__gamma': 'auto', 'svc__kernel': 'poly'}",0.0,0.0,0.0,0.0,0.0,0.0,0.0,1
144,0.09407010078430175,0.0006485523629288414,0.023064184188842773,0.0001657827367399435,1,ovo,10,auto,linear,"{'svc__C': 1, 'svc__decision_function_shape': 'ovo', 'svc__degree': 10, 'svc__gamma': 'auto', 'svc__kernel': 'linear'}",0.0,0.0,0.0,0.0,0.0,0.0,0.0,1
143,0.09506702423095703,0.00017720432623100638,0.023191308975219725,8.508899555967328e-05,1,ovo,5,scale,sigmoid,"{'svc__C': 1, 'svc__decision_function_shape': 'ovo', 'svc__degree': 5, 'svc__gamma': 'scale', 'svc__kernel': 'sigmoid'}",0.0,0.0,0.0,0.0,0.0,0.0,0.0,1
142,0.09661540985107422,0.00033160370228444916,0.03488759994506836,0.0001277704184473005,1,ovo,5,scale,rbf,"{'svc__C': 1, 'svc__decision_function_shape': 'ovo', 'svc__degree': 5, 'svc__gamma': 'scale', 'svc__kernel': 'rbf'}",0.0,0.0,0.0,0.0,0.0,0.0,0.0,1
149,0.09564518928527832,0.00106655985758339,0.023149442672729493,0.0002123197645592864,1,ovo,10,scale,poly,"{'svc__C': 1, 'svc__decision_function_shape': 'ovo', 'svc__degree': 10, 'svc__gamma': 'scale', 'svc__kernel': 'poly'}",0.0,0.0,0.0,0.0,0.0,0.0,0.0,1
120,0.09355268478393555,0.0007213919417591503,0.022928667068481446,0.00015438006370017108,0.5,ovr,20,auto,linear,"{'svc__C': 0.5, 'svc__decision_function_shape': 'ovr', 'svc__degree': 20, 'svc__gamma': 'auto', 'svc__kernel': 'linear'}",0.0,0.0,0.0,0.0,0.0,0.0,0.0,1
119,0.09614992141723633,0.0010754961735505064,0.023444175720214844,0.00022993555503274306,0.5,ovr,10,scale,sigmoid,"{'svc__C': 0.5, 'svc__decision_function_shape': 'ovr', 'svc__degree': 10, 'svc__gamma': 'scale', 'svc__kernel': 'sigmoid'}",0.0,0.0,0.0,0.0,0.0,0.0,0.0,1
118,0.09650321006774902,0.00038365760071883267,0.03499155044555664,0.00015701853025768328,0.5,ovr,10,scale,rbf,"{'svc__C': 0.5, 'svc__decision_function_shape': 'ovr', 'svc__degree': 10, 'svc__gamma': 'scale', 'svc__kernel': 'rbf'}",0.0,0.0,0.0,0.0,0.0,0.0,0.0,1
96,0.09492559432983398,0.0011425728310159005,0.023388433456420898,0.0006259412951421956,0.5,ovr,3,auto,linear,"{'svc__C': 0.5, 'svc__decision_function_shape': 'ovr', 'svc__degree': 3, 'svc__gamma': 'auto', 'svc__kernel': 'linear'}",0.0,0.0,0.0,0.0,0.0,0.0,0.0,1
95,0.0966108798980713,0.0006603351704480459,0.023549509048461915,0.0002942804838994987,0.5,ovo,20,scale,sigmoid,"{'svc__C': 0.5, 'svc__decision_function_shape': 'ovo', 'svc__degree': 20, 'svc__gamma': 'scale', 'svc__kernel': 'sigmoid'}",0.0,0.0,0.0,0.0,0.0,0.0,0.0,1
94,0.09875826835632324,0.0013580365077095913,0.03550434112548828,0.0004906082954166419,0.5,ovo,20,scale,rbf,"{'svc__C': 0.5, 'svc__decision_function_shape': 'ovo', 'svc__degree': 20, 'svc__gamma': 'scale', 'svc__kernel': 'rbf'}",0.0,0.0,0.0,0.0,0.0,0.0,0.0,1
93,0.09551711082458496,0.0022264037419518564,0.023513031005859376,0.00026682494249134563,0.5,ovo,20,scale,poly,"{'svc__C': 0.5, 'svc__decision_function_shape': 'ovo', 'svc__degree': 20, 'svc__gamma': 'scale', 'svc__kernel': 'poly'}",0.0,0.0,0.0,0.0,0.0,0.0,0.0,1
92,0.09438166618347169,0.0015023105508569815,0.022934961318969726,0.00030987472490177567,0.5,ovo,20,scale,linear,"{'svc__C': 0.5, 'svc__decision_function_shape': 'ovo', 'svc__degree': 20, 'svc__gamma': 'scale', 'svc__kernel': 'linear'}",0.0,0.0,0.0,0.0,0.0,0.0,0.0,1
91,0.09564399719238281,0.0009483529880715556,0.023295831680297852,0.0001222951502259258,0.5,ovo,20,auto,sigmoid,"{'svc__C': 0.5, 'svc__decision_function_shape': 'ovo', 'svc__degree': 20, 'svc__gamma': 'auto', 'svc__kernel': 'sigmoid'}",0.0,0.0,0.0,0.0,0.0,0.0,0.0,1
90,0.097385835647583,0.0006877375468798153,0.03525114059448242,0.0003091215809212338,0.5,ovo,20,auto,rbf,"{'svc__C': 0.5, 'svc__decision_function_shape': 'ovo', 'svc__degree': 20, 'svc__gamma': 'auto', 'svc__kernel': 'rbf'}",0.0,0.0,0.0,0.0,0.0,0.0,0.0,1
97,0.09428777694702148,0.0009839520790620746,0.02347536087036133,0.0005676071406439458,0.5,ovr,3,auto,poly,"{'svc__C': 0.5, 'svc__decision_function_shape': 'ovr', 'svc__degree': 3, 'svc__gamma': 'auto', 'svc__kernel': 'poly'}",0.0,0.0,0.0,0.0,0.0,0.0,0.0,1
89,0.09412040710449218,0.0011842407122233942,0.023186779022216795,0.0005354365912524757,0.5,ovo,20,auto,poly,"{'svc__C': 0.5, 'svc__decision_function_shape': 'ovo', 'svc__degree': 20, 'svc__gamma': 'auto', 'svc__kernel': 'poly'}",0.0,0.0,0.0,0.0,0.0,0.0,0.0,1
87,0.09646587371826172,0.0014248883945176336,0.023339223861694337,0.00017797555842513434,0.5,ovo,10,scale,sigmoid,"{'svc__C': 0.5, 'svc__decision_function_shape': 'ovo', 'svc__degree': 10, 'svc__gamma': 'scale', 'svc__kernel': 'sigmoid'}",0.0,0.0,0.0,0.0,0.0,0.0,0.0,1
86,0.09766268730163574,0.0007114837687345203,0.03513588905334473,0.00027143632625527384,0.5,ovo,10,scale,rbf,"{'svc__C': 0.5, 'svc__decision_function_shape': 'ovo', 'svc__degree': 10, 'svc__gamma': 'scale', 'svc__kernel': 'rbf'}",0.0,0.0,0.0,0.0,0.0,0.0,0.0,1
85,0.09450969696044922,0.0006481402929330131,0.02333550453186035,0.00037989677741814094,0.5,ovo,10,scale,poly,"{'svc__C': 0.5, 'svc__decision_function_shape': 'ovo', 'svc__degree': 10, 'svc__gamma': 'scale', 'svc__kernel': 'poly'}",0.0,0.0,0.0,0.0,0.0,0.0,0.0,1
84,0.09529762268066407,0.0007975355338145832,0.023004627227783202,0.00017779368210423218,0.5,ovo,10,scale,linear,"{'svc__C': 0.5, 'svc__decision_function_shape': 'ovo', 'svc__degree': 10, 'svc__gamma': 'scale', 'svc__kernel': 'linear'}",0.0,0.0,0.0,0.0,0.0,0.0,0.0,1
83,0.09691624641418457,0.0022317093654247774,0.023706579208374025,0.0004127117362013329,0.5,ovo,10,auto,sigmoid,"{'svc__C': 0.5, 'svc__decision_function_shape': 'ovo', 'svc__degree': 10, 'svc__gamma': 'auto', 'svc__kernel': 'sigmoid'}",0.0,0.0,0.0,0.0,0.0,0.0,0.0,1
82,0.09639983177185059,0.0007083898888648522,0.034935379028320314,0.00018562258196235036,0.5,ovo,10,auto,rbf,"{'svc__C': 0.5, 'svc__decision_function_shape': 'ovo', 'svc__degree': 10, 'svc__gamma': 'auto', 'svc__kernel': 'rbf'}",0.0,0.0,0.0,0.0,0.0,0.0,0.0,1
81,0.09287161827087402,0.00037303167459895733,0.022862768173217772,0.00012229990973831515,0.5,ovo,10,auto,poly,"{'svc__C': 0.5, 'svc__decision_function_shape': 'ovo', 'svc__degree': 10, 'svc__gamma': 'auto', 'svc__kernel': 'poly'}",0.0,0.0,0.0,0.0,0.0,0.0,0.0,1
88,0.09480071067810059,0.0016267221204056125,0.023197269439697264,0.0005168526052446912,0.5,ovo,20,auto,linear,"{'svc__C': 0.5, 'svc__decision_function_shape': 'ovo', 'svc__degree': 20, 'svc__gamma': 'auto', 'svc__kernel': 'linear'}",0.0,0.0,0.0,0.0,0.0,0.0,0.0,1
98,0.09758696556091309,0.0005161485180015698,0.03539218902587891,0.00031106634195144294,0.5,ovr,3,auto,rbf,"{'svc__C': 0.5, 'svc__decision_function_shape': 'ovr', 'svc__degree': 3, 'svc__gamma': 'auto', 'svc__kernel': 'rbf'}",0.0,0.0,0.0,0.0,0.0,0.0,0.0,1
99,0.0966524600982666,0.0009013488897498175,0.023584938049316405,0.00027257722049506787,0.5,ovr,3,auto,sigmoid,"{'svc__C': 0.5, 'svc__decision_function_shape': 'ovr', 'svc__degree': 3, 'svc__gamma': 'auto', 'svc__kernel': 'sigmoid'}",0.0,0.0,0.0,0.0,0.0,0.0,0.0,1
100,0.0954315185546875,0.0006933344999772003,0.023208093643188477,0.00017122434243677285,0.5,ovr,3,scale,linear,"{'svc__C': 0.5, 'svc__decision_function_shape': 'ovr', 'svc__degree': 3, 'svc__gamma': 'scale', 'svc__kernel': 'linear'}",0.0,0.0,0.0,0.0,0.0,0.0,0.0,1
117,0.09462914466857911,0.0006284133699129539,0.02318882942199707,0.0004799572906544201,0.5,ovr,10,scale,poly,"{'svc__C': 0.5, 'svc__decision_function_shape': 'ovr', 'svc__degree': 10, 'svc__gamma': 'scale', 'svc__kernel': 'poly'}",0.0,0.0,0.0,0.0,0.0,0.0,0.0,1
116,0.09541130065917969,0.001195279554247286,0.02351551055908203,0.0004500187254750759,0.5,ovr,10,scale,linear,"{'svc__C': 0.5, 'svc__decision_function_shape': 'ovr', 'svc__degree': 10, 'svc__gamma': 'scale', 'svc__kernel': 'linear'}",0.0,0.0,0.0,0.0,0.0,0.0,0.0,1
115,0.0955111026763916,0.0009424124306982098,0.023285818099975587,0.00012876204991488818,0.5,ovr,10,auto,sigmoid,"{'svc__C': 0.5, 'svc__decision_function_shape': 'ovr', 'svc__degree': 10, 'svc__gamma': 'auto', 'svc__kernel': 'sigmoid'}",0.0,0.0,0.0,0.0,0.0,0.0,0.0,1
114,0.09739656448364258,0.0007268948462276798,0.03521952629089355,0.0003230441221014443,0.5,ovr,10,auto,rbf,"{'svc__C': 0.5, 'svc__decision_function_shape': 'ovr', 'svc__degree': 10, 'svc__gamma': 'auto', 'svc__kernel': 'rbf'}",0.0,0.0,0.0,0.0,0.0,0.0,0.0,1
113,0.09363937377929688,0.0010002393490991324,0.0229856014251709,0.00017002100791528173,0.5,ovr,10,auto,poly,"{'svc__C': 0.5, 'svc__decision_function_shape': 'ovr', 'svc__degree': 10, 'svc__gamma': 'auto', 'svc__kernel': 'poly'}",0.0,0.0,0.0,0.0,0.0,0.0,0.0,1
112,0.09533839225769043,0.0007999531415876108,0.02338299751281738,0.0005066555267485663,0.5,ovr,10,auto,linear,"{'svc__C': 0.5, 'svc__decision_function_shape': 'ovr', 'svc__degree': 10, 'svc__gamma': 'auto', 'svc__kernel': 'linear'}",0.0,0.0,0.0,0.0,0.0,0.0,0.0,1
111,0.09805431365966796,0.0009872445275274817,0.023715734481811523,0.00041713822525575524,0.5,ovr,5,scale,sigmoid,"{'svc__C': 0.5, 'svc__decision_function_shape': 'ovr', 'svc__degree': 5, 'svc__gamma': 'scale', 'svc__kernel': 'sigmoid'}",0.0,0.0,0.0,0.0,0.0,0.0,0.0,1
110,0.09885973930358886,0.0007998075438146131,0.03565115928649902,0.0006245168026990942,0.5,ovr,5,scale,rbf,"{'svc__C': 0.5, 'svc__decision_function_shape': 'ovr', 'svc__degree': 5, 'svc__gamma': 'scale', 'svc__kernel': 'rbf'}",0.0,0.0,0.0,0.0,0.0,0.0,0.0,1
109,0.09601845741271972,0.0011724237891459696,0.023227548599243163,0.00047032947613142646,0.5,ovr,5,scale,poly,"{'svc__C': 0.5, 'svc__decision_function_shape': 'ovr', 'svc__degree': 5, 'svc__gamma': 'scale', 'svc__kernel': 'poly'}",0.0,0.0,0.0,0.0,0.0,0.0,0.0,1
108,0.09576301574707032,0.0012315988095261698,0.02349405288696289,0.0007435245433403621,0.5,ovr,5,scale,linear,"{'svc__C': 0.5, 'svc__decision_function_shape': 'ovr', 'svc__degree': 5, 'svc__gamma': 'scale', 'svc__kernel': 'linear'}",0.0,0.0,0.0,0.0,0.0,0.0,0.0,1
107,0.0957951545715332,0.0009563149610047988,0.02374577522277832,0.00046740474801298037,0.5,ovr,5,auto,sigmoid,"{'svc__C': 0.5, 'svc__decision_function_shape': 'ovr', 'svc__degree': 5, 'svc__gamma': 'auto', 'svc__kernel': 'sigmoid'}",0.0,0.0,0.0,0.0,0.0,0.0,0.0,1
106,0.09928159713745117,0.0012403053330037233,0.03557772636413574,0.00022821644583909212,0.5,ovr,5,auto,rbf,"{'svc__C': 0.5, 'svc__decision_function_shape': 'ovr', 'svc__degree': 5, 'svc__gamma': 'auto', 'svc__kernel': 'rbf'}",0.0,0.0,0.0,0.0,0.0,0.0,0.0,1
105,0.09415302276611329,0.001105248284611013,0.023198366165161133,0.00029344874074417273,0.5,ovr,5,auto,poly,"{'svc__C': 0.5, 'svc__decision_function_shape': 'ovr', 'svc__degree': 5, 'svc__gamma': 'auto', 'svc__kernel': 'poly'}",0.0,0.0,0.0,0.0,0.0,0.0,0.0,1
104,0.09400014877319336,0.0008213588966224457,0.02285900115966797,0.0002139118596626766,0.5,ovr,5,auto,linear,"{'svc__C': 0.5, 'svc__decision_function_shape': 'ovr', 'svc__degree': 5, 'svc__gamma': 'auto', 'svc__kernel': 'linear'}",0.0,0.0,0.0,0.0,0.0,0.0,0.0,1
103,0.09641361236572266,0.000713793069654147,0.0237945556640625,0.0009413068002209393,0.5,ovr,3,scale,sigmoid,"{'svc__C': 0.5, 'svc__decision_function_shape': 'ovr', 'svc__degree': 3, 'svc__gamma': 'scale', 'svc__kernel': 'sigmoid'}",0.0,0.0,0.0,0.0,0.0,0.0,0.0,1
102,0.0998924732208252,0.0018655315783870266,0.035634183883666994,0.0003370922241033164,0.5,ovr,3,scale,rbf,"{'svc__C': 0.5, 'svc__decision_function_shape': 'ovr', 'svc__degree': 3, 'svc__gamma': 'scale', 'svc__kernel': 'rbf'}",0.0,0.0,0.0,0.0,0.0,0.0,0.0,1
101,0.09600386619567872,0.0010074874250980599,0.02349224090576172,0.0004774617777119201,0.5,ovr,3,scale,poly,"{'svc__C': 0.5, 'svc__decision_function_shape': 'ovr', 'svc__degree': 3, 'svc__gamma': 'scale', 'svc__kernel': 'poly'}",0.0,0.0,0.0,0.0,0.0,0.0,0.0,1
318,0.10151009559631348,0.0032354186581922493,0.03575892448425293,0.000881154820113408,50,ovr,20,scale,rbf,"{'svc__C': 50, 'svc__decision_function_shape': 'ovr', 'svc__degree': 20, 'svc__gamma': 'scale', 'svc__kernel': 'rbf'}",0.0,0.0,0.0,0.0,0.0,0.0,0.0,1
319,0.09696178436279297,0.0007778439141711398,0.023440837860107422,0.00024171067920219564,50,ovr,20,scale,sigmoid,"{'svc__C': 50, 'svc__decision_function_shape': 'ovr', 'svc__degree': 20, 'svc__gamma': 'scale', 'svc__kernel': 'sigmoid'}",0.0,0.0,0.0,0.0,0.0,0.0,0.0,1
