,Ranking,Song Names,Artists,Song IDs,Streams,danceability,energy,key,loudness,mode,speechiness,acousticness,instrumentalness,liveness,valence,tempo,type,id,uri,track_href,analysis_url,duration_ms,time_signature
0,1,Blinding Lights,The Weeknd,0sf12qNH5qcw8qpgymFOqD,,0.513,0.796,1,-4.075,1,0.0629,0.00147,0.000209,0.0938,0.345,171.017,audio_features,0sf12qNH5qcw8qpgymFOqD,spotify:track:0sf12qNH5qcw8qpgymFOqD,https://api.spotify.com/v1/tracks/0sf12qNH5qcw8qpgymFOqD,https://api.spotify.com/v1/audio-analysis/0sf12qNH5qcw8qpgymFOqD,201573,4
1,2,Circles,Post Malone,21jGcNKet2qwijlDFuPiPb,2025290942.0,0.695,0.762,0,-3.497,1,0.0395,0.192,0.00244,0.0863,0.553,120.042,audio_features,21jGcNKet2qwijlDFuPiPb,spotify:track:21jGcNKet2qwijlDFuPiPb,https://api.spotify.com/v1/tracks/21jGcNKet2qwijlDFuPiPb,https://api.spotify.com/v1/audio-analysis/21jGcNKet2qwijlDFuPiPb,215280,4
2,3,The Box,Roddy Ricch,0nbXyq5TXYPCO7pr3N8S4I,1608119040.0,0.896,0.586,10,-6.687,0,0.0559,0.104,0.0,0.79,0.642,116.971,audio_features,0nbXyq5TXYPCO7pr3N8S4I,spotify:track:0nbXyq5TXYPCO7pr3N8S4I,https://api.spotify.com/v1/tracks/0nbXyq5TXYPCO7pr3N8S4I,https://api.spotify.com/v1/audio-analysis/0nbXyq5TXYPCO7pr3N8S4I,196653,4
3,4,Don't Start Now,Dua Lipa,6WrI0LAC5M1Rw2MnX2ZvEg,2206854528.0,0.794,0.793,11,-4.521,0,0.0842,0.0125,0.0,0.0952,0.677,123.941,audio_features,6WrI0LAC5M1Rw2MnX2ZvEg,spotify:track:6WrI0LAC5M1Rw2MnX2ZvEg,https://api.spotify.com/v1/tracks/6WrI0LAC5M1Rw2MnX2ZvEg,https://api.spotify.com/v1/audio-analysis/6WrI0LAC5M1Rw2MnX2ZvEg,183290,4
4,5,ROCKSTAR (feat. Roddy Ricch),"DaBaby, Roddy Ricch",7ytR5pFWmSjzHJIeQkgog4,1514383039.0,0.746,0.69,11,-7.956,1,0.164,0.247,0.0,0.101,0.497,89.977,audio_features,7ytR5pFWmSjzHJIeQkgog4,spotify:track:7ytR5pFWmSjzHJIeQkgog4,https://api.spotify.com/v1/tracks/7ytR5pFWmSjzHJIeQkgog4,https://api.spotify.com/v1/audio-analysis/7ytR5pFWmSjzHJIeQkgog4,181733,4
5,6,Adore You,Harry Styles,3jjujdWJ72nww5eGnfs2E7,1358296305.0,0.676,0.771,8,-3.675,1,0.0483,0.0237,7e-06,0.102,0.569,99.048,audio_features,3jjujdWJ72nww5eGnfs2E7,spotify:track:3jjujdWJ72nww5eGnfs2E7,https://api.spotify.com/v1/tracks/3jjujdWJ72nww5eGnfs2E7,https://api.spotify.com/v1/audio-analysis/3jjujdWJ72nww5eGnfs2E7,207133,4
6,7,Life Is Good (feat. Drake),"Future, Drake",5yY9lUy8nbvjM1Uyo1Uqoc,2020.0,0.676,0.609,2,-5.831,0,0.481,0.0706,0.0,0.152,0.508,142.037,audio_features,5yY9lUy8nbvjM1Uyo1Uqoc,spotify:track:5yY9lUy8nbvjM1Uyo1Uqoc,https://api.spotify.com/v1/tracks/5yY9lUy8nbvjM1Uyo1Uqoc,https://api.spotify.com/v1/audio-analysis/5yY9lUy8nbvjM1Uyo1Uqoc,237735,4
7,8,Memories,Maroon 5,2b8fOow8UzyDFAE27YhOZM,,0.764,0.32,11,-7.209,1,0.0546,0.837,0.0,0.0822,0.575,91.019,audio_features,2b8fOow8UzyDFAE27YhOZM,spotify:track:2b8fOow8UzyDFAE27YhOZM,https://api.spotify.com/v1/tracks/2b8fOow8UzyDFAE27YhOZM,https://api.spotify.com/v1/audio-analysis/2b8fOow8UzyDFAE27YhOZM,189486,4
8,9,The Bones,Maren Morris,7yFhA2fUsL2oIMWlw5DaHQ,412053799.0,0.612,0.57,11,-6.642,0,0.0347,0.278,0.0,0.0963,0.334,77.004,audio_features,7yFhA2fUsL2oIMWlw5DaHQ,spotify:track:7yFhA2fUsL2oIMWlw5DaHQ,https://api.spotify.com/v1/tracks/7yFhA2fUsL2oIMWlw5DaHQ,https://api.spotify.com/v1/audio-analysis/7yFhA2fUsL2oIMWlw5DaHQ,197293,4
9,10,Someone You Loved,Lewis Capaldi,7qEHsqek33rTcFNT9PFqLf,2735355999.0,0.501,0.405,1,-5.679,1,0.0319,0.751,0.0,0.105,0.446,109.891,audio_features,7qEHsqek33rTcFNT9PFqLf,spotify:track:7qEHsqek33rTcFNT9PFqLf,https://api.spotify.com/v1/tracks/7qEHsqek33rTcFNT9PFqLf,https://api.spotify.com/v1/audio-analysis/7qEHsqek33rTcFNT9PFqLf,182161,4
10,11,Say So,Doja Cat,3Dv1eDb0MEgF93GpLXlucZ,,0.787,0.673,11,-4.583,0,0.159,0.264,3.35e-06,0.0904,0.779,110.962,audio_features,3Dv1eDb0MEgF93GpLXlucZ,spotify:track:3Dv1eDb0MEgF93GpLXlucZ,https://api.spotify.com/v1/tracks/3Dv1eDb0MEgF93GpLXlucZ,https://api.spotify.com/v1/audio-analysis/3Dv1eDb0MEgF93GpLXlucZ,237893,4
11,12,I Hope (feat. Charlie Puth),"Gabby Barrett, Charlie Puth",5cYFwgA5dHoqR3xGnlr9ew,81170094.0,0.563,0.576,6,-6.495,1,0.0401,0.171,0.0,0.158,0.412,75.019,audio_features,5cYFwgA5dHoqR3xGnlr9ew,spotify:track:5cYFwgA5dHoqR3xGnlr9ew,https://api.spotify.com/v1/tracks/5cYFwgA5dHoqR3xGnlr9ew,https://api.spotify.com/v1/audio-analysis/5cYFwgA5dHoqR3xGnlr9ew,211605,4
12,13,"WHATS POPPIN (feat. DaBaby, Tory Lanez & Lil Wayne) - Remix","Jack Harlow, Tory Lanez, DaBaby, Lil Wayne",2MbdDtCv5LUVjYy9RuGTgC,,0.904,0.723,11,-5.224,0,0.26,0.0631,0.0,0.185,0.835,145.013,audio_features,2MbdDtCv5LUVjYy9RuGTgC,spotify:track:2MbdDtCv5LUVjYy9RuGTgC,https://api.spotify.com/v1/tracks/2MbdDtCv5LUVjYy9RuGTgC,https://api.spotify.com/v1/audio-analysis/2MbdDtCv5LUVjYy9RuGTgC,227478,4
13,14,Dance Monkey,Tones And I,1rgnBhdG2JDFTbYkYRZAku,2796460653.0,0.826,0.593,6,-6.401,0,0.0976,0.688,0.000161,0.17,0.541,98.083,audio_features,1rgnBhdG2JDFTbYkYRZAku,spotify:track:1rgnBhdG2JDFTbYkYRZAku,https://api.spotify.com/v1/tracks/1rgnBhdG2JDFTbYkYRZAku,https://api.spotify.com/v1/audio-analysis/1rgnBhdG2JDFTbYkYRZAku,209755,4
14,15,Savage,Megan Thee Stallion,55CHeLEfn5iJ0IIkgaa4si,,0.843,0.741,11,-5.609,1,0.334,0.0252,0.0,0.096,0.68,168.983,audio_features,55CHeLEfn5iJ0IIkgaa4si,spotify:track:55CHeLEfn5iJ0IIkgaa4si,https://api.spotify.com/v1/tracks/55CHeLEfn5iJ0IIkgaa4si,https://api.spotify.com/v1/audio-analysis/55CHeLEfn5iJ0IIkgaa4si,155497,4
15,16,ROXANNE,Arizona Zervas,696DnlkuDOXcMAnKlTgXXK,1357587617.0,0.621,0.601,6,-5.616,0,0.148,0.0522,0.0,0.46,0.457,116.735,audio_features,696DnlkuDOXcMAnKlTgXXK,spotify:track:696DnlkuDOXcMAnKlTgXXK,https://api.spotify.com/v1/tracks/696DnlkuDOXcMAnKlTgXXK,https://api.spotify.com/v1/audio-analysis/696DnlkuDOXcMAnKlTgXXK,163636,5
16,17,Intentions (feat. Quavo),"Justin Bieber, Quavo",4umIPjkehX1r7uhmGvXiSV,,0.806,0.546,9,-6.637,1,0.0575,0.3,0.0,0.102,0.874,147.986,audio_features,4umIPjkehX1r7uhmGvXiSV,spotify:track:4umIPjkehX1r7uhmGvXiSV,https://api.spotify.com/v1/tracks/4umIPjkehX1r7uhmGvXiSV,https://api.spotify.com/v1/audio-analysis/4umIPjkehX1r7uhmGvXiSV,212867,4
17,18,everything i wanted,Billie Eilish,3ZCTVFBt2Brf31RLEnCkWJ,1300487986.0,0.704,0.225,6,-14.454,0,0.0994,0.902,0.657,0.106,0.243,120.006,audio_features,3ZCTVFBt2Brf31RLEnCkWJ,spotify:track:3ZCTVFBt2Brf31RLEnCkWJ,https://api.spotify.com/v1/tracks/3ZCTVFBt2Brf31RLEnCkWJ,https://api.spotify.com/v1/audio-analysis/3ZCTVFBt2Brf31RLEnCkWJ,245426,4
18,19,Roses - Imanbek Remix,"SAINt JHN, Imanbek",24Yi9hE78yPEbZ4kxyoXAI,1739913247.0,0.77,0.724,8,-5.484,1,0.0495,0.0167,0.0107,0.353,0.898,121.975,audio_features,24Yi9hE78yPEbZ4kxyoXAI,spotify:track:24Yi9hE78yPEbZ4kxyoXAI,https://api.spotify.com/v1/tracks/24Yi9hE78yPEbZ4kxyoXAI,https://api.spotify.com/v1/audio-analysis/24Yi9hE78yPEbZ4kxyoXAI,176840,4
19,20,Watermelon Sugar,Harry Styles,6UelLqGlWMcVH1E5c4H7lY,2189080780.0,0.548,0.816,0,-4.209,1,0.0465,0.122,0.0,0.335,0.557,95.39,audio_features,6UelLqGlWMcVH1E5c4H7lY,spotify:track:6UelLqGlWMcVH1E5c4H7lY,https://api.spotify.com/v1/tracks/6UelLqGlWMcVH1E5c4H7lY,https://api.spotify.com/v1/audio-analysis/6UelLqGlWMcVH1E5c4H7lY,174000,4
20,21,Before You Go,Lewis Capaldi,2gMXnyrvIjhVBUZwvLZDMP,1508077893.0,0.459,0.575,3,-4.858,1,0.0573,0.604,0.0,0.0885,0.183,111.881,audio_features,2gMXnyrvIjhVBUZwvLZDMP,spotify:track:2gMXnyrvIjhVBUZwvLZDMP,https://api.spotify.com/v1/tracks/2gMXnyrvIjhVBUZwvLZDMP,https://api.spotify.com/v1/audio-analysis/2gMXnyrvIjhVBUZwvLZDMP,215107,4
21,22,Falling,Trevor Daniel,4TnjEaWOeW0eKTKIEvJyCa,1420836795.0,0.785,0.431,10,-8.756,0,0.0364,0.123,0.0,0.0887,0.236,127.085,audio_features,4TnjEaWOeW0eKTKIEvJyCa,spotify:track:4TnjEaWOeW0eKTKIEvJyCa,https://api.spotify.com/v1/tracks/4TnjEaWOeW0eKTKIEvJyCa,https://api.spotify.com/v1/audio-analysis/4TnjEaWOeW0eKTKIEvJyCa,159382,4
22,23,"10,000 Hours (with Justin Bieber)","Dan + Shay, Justin Bieber",2wrJq5XKLnmhRXHIAf9xBa,918909109.0,0.654,0.63,10,-4.644,1,0.0259,0.153,0.0,0.111,0.43,89.991,audio_features,2wrJq5XKLnmhRXHIAf9xBa,spotify:track:2wrJq5XKLnmhRXHIAf9xBa,https://api.spotify.com/v1/tracks/2wrJq5XKLnmhRXHIAf9xBa,https://api.spotify.com/v1/audio-analysis/2wrJq5XKLnmhRXHIAf9xBa,167693,4
23,24,WAP (feat. Megan Thee Stallion),"Cardi B, Megan Thee Stallion",4Oun2ylbjFKMPTiaSbbCih,1168495026.0,0.935,0.454,1,-7.509,1,0.375,0.0194,0.0,0.0824,0.357,133.073,audio_features,4Oun2ylbjFKMPTiaSbbCih,spotify:track:4Oun2ylbjFKMPTiaSbbCih,https://api.spotify.com/v1/tracks/4Oun2ylbjFKMPTiaSbbCih,https://api.spotify.com/v1/audio-analysis/4Oun2ylbjFKMPTiaSbbCih,187541,4
24,25,Ballin' (with Roddy Ricch),"Mustard, Roddy Ricch",3QzAOrNlsabgbMwlZt7TAY,750048913.0,0.809,0.545,7,-6.678,1,0.0735,0.392,0.0,0.151,0.244,97.008,audio_features,3QzAOrNlsabgbMwlZt7TAY,spotify:track:3QzAOrNlsabgbMwlZt7TAY,https://api.spotify.com/v1/tracks/3QzAOrNlsabgbMwlZt7TAY,https://api.spotify.com/v1/audio-analysis/3QzAOrNlsabgbMwlZt7TAY,180435,4
25,26,hot girl bummer,blackbear,2mt1IqcFyY1zmYZT8Q3xw9,1138167374.0,0.782,0.559,6,-7.106,0,0.0767,0.125,0.0,0.385,0.685,129.992,audio_features,2mt1IqcFyY1zmYZT8Q3xw9,spotify:track:2mt1IqcFyY1zmYZT8Q3xw9,https://api.spotify.com/v1/tracks/2mt1IqcFyY1zmYZT8Q3xw9,https://api.spotify.com/v1/audio-analysis/2mt1IqcFyY1zmYZT8Q3xw9,188344,1
26,27,Blueberry Faygo,Lil Mosey,6wJYhPfqk3KGhHRG76WzOh,1149393905.0,0.774,0.554,0,-7.909,1,0.0383,0.207,0.0,0.132,0.349,99.034,audio_features,6wJYhPfqk3KGhHRG76WzOh,spotify:track:6wJYhPfqk3KGhHRG76WzOh,https://api.spotify.com/v1/tracks/6wJYhPfqk3KGhHRG76WzOh,https://api.spotify.com/v1/audio-analysis/6wJYhPfqk3KGhHRG76WzOh,162547,4
27,28,Heartless,The Weeknd,6bnF93Rx87YqUBLSgjiMU8,,0.537,0.746,10,-5.507,0,0.15,0.0236,1.01e-06,0.156,0.252,170.062,audio_features,6bnF93Rx87YqUBLSgjiMU8,spotify:track:6bnF93Rx87YqUBLSgjiMU8,https://api.spotify.com/v1/tracks/6bnF93Rx87YqUBLSgjiMU8,https://api.spotify.com/v1/audio-analysis/6bnF93Rx87YqUBLSgjiMU8,198267,4
28,29,BOP,DaBaby,6Ozh9Ok6h4Oi1wUSLtBseN,718833150.0,0.769,0.787,11,-3.909,1,0.367,0.189,0.0,0.129,0.836,126.77,audio_features,6Ozh9Ok6h4Oi1wUSLtBseN,spotify:track:6Ozh9Ok6h4Oi1wUSLtBseN,https://api.spotify.com/v1/tracks/6Ozh9Ok6h4Oi1wUSLtBseN,https://api.spotify.com/v1/audio-analysis/6Ozh9Ok6h4Oi1wUSLtBseN,159715,4
29,30,Lose You To Love Me,Selena Gomez,4l0Mvzj72xxOpRrp6h8nHi,1014218616.0,0.488,0.343,4,-8.985,1,0.0436,0.556,0.0,0.21,0.0978,102.819,audio_features,4l0Mvzj72xxOpRrp6h8nHi,spotify:track:4l0Mvzj72xxOpRrp6h8nHi,https://api.spotify.com/v1/tracks/4l0Mvzj72xxOpRrp6h8nHi,https://api.spotify.com/v1/audio-analysis/4l0Mvzj72xxOpRrp6h8nHi,206459,4
30,31,Good as Hell,Lizzo,6KgBpzTuTRPebChN0VTyzV,,0.682,0.919,0,-3.18,0,0.0875,0.256,0.0,0.442,0.535,95.982,audio_features,6KgBpzTuTRPebChN0VTyzV,spotify:track:6KgBpzTuTRPebChN0VTyzV,https://api.spotify.com/v1/tracks/6KgBpzTuTRPebChN0VTyzV,https://api.spotify.com/v1/audio-analysis/6KgBpzTuTRPebChN0VTyzV,159736,4
31,32,Toosie Slide,Drake,127QTOFJsJQp5LbJbu3A1y,,0.834,0.454,1,-9.75,0,0.201,0.321,6.15e-06,0.114,0.837,81.618,audio_features,127QTOFJsJQp5LbJbu3A1y,spotify:track:127QTOFJsJQp5LbJbu3A1y,https://api.spotify.com/v1/tracks/127QTOFJsJQp5LbJbu3A1y,https://api.spotify.com/v1/audio-analysis/127QTOFJsJQp5LbJbu3A1y,247059,4
32,33,Break My Heart,Dua Lipa,017PF4Q3l4DBUiWoXk4OWT,,0.73,0.729,4,-3.434,0,0.0884,0.167,1.39e-06,0.349,0.467,113.011,audio_features,017PF4Q3l4DBUiWoXk4OWT,spotify:track:017PF4Q3l4DBUiWoXk4OWT,https://api.spotify.com/v1/tracks/017PF4Q3l4DBUiWoXk4OWT,https://api.spotify.com/v1/audio-analysis/017PF4Q3l4DBUiWoXk4OWT,221820,4
33,34,Chasin' You,Morgan Wallen,5MwynWK9s4hlyKHqhkNn4A,,0.631,0.591,7,-5.785,1,0.0277,0.657,0.0,0.11,0.489,97.074,audio_features,5MwynWK9s4hlyKHqhkNn4A,spotify:track:5MwynWK9s4hlyKHqhkNn4A,https://api.spotify.com/v1/tracks/5MwynWK9s4hlyKHqhkNn4A,https://api.spotify.com/v1/audio-analysis/5MwynWK9s4hlyKHqhkNn4A,205453,4
34,35,Savage Love (Laxed - Siren Beat),"Jawsh 685, Jason Derulo",1xQ6trAsedVPCdbtDAmk0c,1024663338.0,0.767,0.481,0,-8.52,0,0.0803,0.234,0.0,0.269,0.761,150.076,audio_features,1xQ6trAsedVPCdbtDAmk0c,spotify:track:1xQ6trAsedVPCdbtDAmk0c,https://api.spotify.com/v1/tracks/1xQ6trAsedVPCdbtDAmk0c,https://api.spotify.com/v1/audio-analysis/1xQ6trAsedVPCdbtDAmk0c,171375,4
35,36,No Guidance (feat. Drake),"Chris Brown, Drake",6XHVuErjQ4XNm6nDPVCxVX,893723764.0,0.696,0.454,1,-6.756,0,0.153,0.123,0.0,0.155,0.136,92.928,audio_features,6XHVuErjQ4XNm6nDPVCxVX,spotify:track:6XHVuErjQ4XNm6nDPVCxVX,https://api.spotify.com/v1/tracks/6XHVuErjQ4XNm6nDPVCxVX,https://api.spotify.com/v1/audio-analysis/6XHVuErjQ4XNm6nDPVCxVX,260640,4
36,37,My Oh My (feat. DaBaby),"Camila Cabello, DaBaby",3yOlyBJuViE2YSGn3nVE1K,,0.724,0.491,8,-6.024,1,0.0296,0.018,1.29e-05,0.0887,0.383,105.046,audio_features,3yOlyBJuViE2YSGn3nVE1K,spotify:track:3yOlyBJuViE2YSGn3nVE1K,https://api.spotify.com/v1/tracks/3yOlyBJuViE2YSGn3nVE1K,https://api.spotify.com/v1/audio-analysis/3yOlyBJuViE2YSGn3nVE1K,170746,4
37,38,Dynamite,BTS,0t1kP63rueHleOhQkYSXFY,1630941820.0,0.746,0.765,6,-4.41,0,0.0993,0.0112,0.0,0.0936,0.737,114.044,audio_features,0t1kP63rueHleOhQkYSXFY,spotify:track:0t1kP63rueHleOhQkYSXFY,https://api.spotify.com/v1/tracks/0t1kP63rueHleOhQkYSXFY,https://api.spotify.com/v1/audio-analysis/0t1kP63rueHleOhQkYSXFY,199054,4
38,39,Go Crazy,"Chris Brown, Young Thug",1IIKrJVP1C9N7iPtG6eOsK,,0.755,0.578,0,-8.932,0,0.145,0.316,0.0,0.25,0.581,94.148,audio_features,1IIKrJVP1C9N7iPtG6eOsK,spotify:track:1IIKrJVP1C9N7iPtG6eOsK,https://api.spotify.com/v1/tracks/1IIKrJVP1C9N7iPtG6eOsK,https://api.spotify.com/v1/audio-analysis/1IIKrJVP1C9N7iPtG6eOsK,176960,4
39,40,High Fashion (feat. Mustard),"Roddy Ricch, Mustard",07KXEDMj78x68D884wgVEm,,0.831,0.499,11,-8.442,0,0.114,0.269,0.0,0.3,0.511,97.956,audio_features,07KXEDMj78x68D884wgVEm,spotify:track:07KXEDMj78x68D884wgVEm,https://api.spotify.com/v1/tracks/07KXEDMj78x68D884wgVEm,https://api.spotify.com/v1/audio-analysis/07KXEDMj78x68D884wgVEm,220487,4
40,41,Laugh Now Cry Later (feat. Lil Durk),"Drake, Lil Durk",2SAqBLGA283SUiwJ3xOUVI,,0.761,0.518,0,-8.871,1,0.134,0.244,3.47e-05,0.107,0.522,133.976,audio_features,2SAqBLGA283SUiwJ3xOUVI,spotify:track:2SAqBLGA283SUiwJ3xOUVI,https://api.spotify.com/v1/tracks/2SAqBLGA283SUiwJ3xOUVI,https://api.spotify.com/v1/audio-analysis/2SAqBLGA283SUiwJ3xOUVI,261493,4
41,42,Woah,Lil Baby,598yNsG1JFrGd4n2kMoz7F,,0.882,0.602,11,-5.554,1,0.245,0.0177,0.0,0.178,0.43,142.959,audio_features,598yNsG1JFrGd4n2kMoz7F,spotify:track:598yNsG1JFrGd4n2kMoz7F,https://api.spotify.com/v1/tracks/598yNsG1JFrGd4n2kMoz7F,https://api.spotify.com/v1/audio-analysis/598yNsG1JFrGd4n2kMoz7F,183011,4
42,43,death bed (coffee for your head),"Powfu, beabadoobee",7eJMfftS33KTjuF7lTsMCx,1426962212.0,0.726,0.431,8,-8.765,0,0.135,0.731,0.0,0.696,0.348,144.026,audio_features,7eJMfftS33KTjuF7lTsMCx,spotify:track:7eJMfftS33KTjuF7lTsMCx,https://api.spotify.com/v1/tracks/7eJMfftS33KTjuF7lTsMCx,https://api.spotify.com/v1/audio-analysis/7eJMfftS33KTjuF7lTsMCx,173333,4
43,44,Señorita,"Shawn Mendes, Camila Cabello",0TK2YIli7K1leLovkQiNik,2398627901.0,0.759,0.54,9,-6.039,0,0.0287,0.037,0.0,0.0945,0.75,116.947,audio_features,0TK2YIli7K1leLovkQiNik,spotify:track:0TK2YIli7K1leLovkQiNik,https://api.spotify.com/v1/tracks/0TK2YIli7K1leLovkQiNik,https://api.spotify.com/v1/audio-analysis/0TK2YIli7K1leLovkQiNik,190960,4
44,45,HIGHEST IN THE ROOM,Travis Scott,3eekarcy7kvN4yt5ZFzltW,,0.598,0.427,7,-8.764,0,0.0317,0.0546,5.83e-06,0.21,0.0605,76.469,audio_features,3eekarcy7kvN4yt5ZFzltW,spotify:track:3eekarcy7kvN4yt5ZFzltW,https://api.spotify.com/v1/tracks/3eekarcy7kvN4yt5ZFzltW,https://api.spotify.com/v1/audio-analysis/3eekarcy7kvN4yt5ZFzltW,175721,4
45,46,bad guy,Billie Eilish,2Fxmhks0bxGSBdJ92vM42m,,0.701,0.425,7,-10.965,1,0.375,0.328,0.13,0.1,0.562,135.128,audio_features,2Fxmhks0bxGSBdJ92vM42m,spotify:track:2Fxmhks0bxGSBdJ92vM42m,https://api.spotify.com/v1/tracks/2Fxmhks0bxGSBdJ92vM42m,https://api.spotify.com/v1/audio-analysis/2Fxmhks0bxGSBdJ92vM42m,194088,4
46,47,Mood (feat. iann dior),"24kGoldn, iann dior",3tjFYV6RSFtuktYl3ZtYcq,1647916477.0,0.7,0.722,7,-3.558,0,0.0369,0.221,0.0,0.272,0.756,90.989,audio_features,3tjFYV6RSFtuktYl3ZtYcq,spotify:track:3tjFYV6RSFtuktYl3ZtYcq,https://api.spotify.com/v1/tracks/3tjFYV6RSFtuktYl3ZtYcq,https://api.spotify.com/v1/audio-analysis/3tjFYV6RSFtuktYl3ZtYcq,140526,4
47,48,Rain On Me (with Ariana Grande),"Lady Gaga, Ariana Grande",24ySl2hOPGCDcxBxFIqWBu,2020.0,0.672,0.855,9,-3.764,1,0.0397,0.021,0.0,0.323,0.646,123.056,audio_features,24ySl2hOPGCDcxBxFIqWBu,spotify:track:24ySl2hOPGCDcxBxFIqWBu,https://api.spotify.com/v1/tracks/24ySl2hOPGCDcxBxFIqWBu,https://api.spotify.com/v1/audio-analysis/24ySl2hOPGCDcxBxFIqWBu,182200,4
48,49,For The Night (feat. Lil Baby & DaBaby),"Pop Smoke, Lil Baby, DaBaby",0PvFJmanyNQMseIFrU708S,977054549.0,0.823,0.586,6,-6.606,0,0.2,0.114,0.0,0.193,0.347,125.971,audio_features,0PvFJmanyNQMseIFrU708S,spotify:track:0PvFJmanyNQMseIFrU708S,https://api.spotify.com/v1/tracks/0PvFJmanyNQMseIFrU708S,https://api.spotify.com/v1/audio-analysis/0PvFJmanyNQMseIFrU708S,190476,4
49,50,RITMO (Bad Boys For Life),"Black Eyed Peas, J Balvin",6cy3ki60hLwimwIje7tALf,2019.0,0.721,0.716,10,-7.037,0,0.0657,0.0334,0.00084,0.237,0.667,104.994,audio_features,6cy3ki60hLwimwIje7tALf,spotify:track:6cy3ki60hLwimwIje7tALf,https://api.spotify.com/v1/tracks/6cy3ki60hLwimwIje7tALf,https://api.spotify.com/v1/audio-analysis/6cy3ki60hLwimwIje7tALf,221714,4
50,51,Heart On Ice,Rod Wave,6fWa5CRgy0z30OeGZyMBvD,266418682.0,0.733,0.389,10,-8.468,0,0.0738,0.0513,0.0,0.141,0.244,157.878,audio_features,6fWa5CRgy0z30OeGZyMBvD,spotify:track:6fWa5CRgy0z30OeGZyMBvD,https://api.spotify.com/v1/tracks/6fWa5CRgy0z30OeGZyMBvD,https://api.spotify.com/v1/audio-analysis/6fWa5CRgy0z30OeGZyMBvD,159670,3
51,52,Nobody But You (Duet with Gwen Stefani),"Blake Shelton, Gwen Stefani",5M8goiFYynmNxhueYW6grR,,0.463,0.653,0,-5.515,1,0.0273,0.111,0.000136,0.172,0.233,143.912,audio_features,5M8goiFYynmNxhueYW6grR,spotify:track:5M8goiFYynmNxhueYW6grR,https://api.spotify.com/v1/tracks/5M8goiFYynmNxhueYW6grR,https://api.spotify.com/v1/audio-analysis/5M8goiFYynmNxhueYW6grR,194867,4
52,53,Trampoline,SHAED,0lsRatBUs9HNIZAmoGABzk,210498251.0,0.689,0.412,7,-7.523,0,0.0301,0.488,0.00016,0.0659,0.537,126.754,audio_features,0lsRatBUs9HNIZAmoGABzk,spotify:track:0lsRatBUs9HNIZAmoGABzk,https://api.spotify.com/v1/tracks/0lsRatBUs9HNIZAmoGABzk,https://api.spotify.com/v1/audio-analysis/0lsRatBUs9HNIZAmoGABzk,184060,4
53,54,Come & Go (with Marshmello),"Juice WRLD, Marshmello",2Y0wPrPQBrGhoLn14xRYCG,,0.625,0.814,0,-5.181,1,0.0657,0.0172,0.0,0.158,0.535,144.991,audio_features,2Y0wPrPQBrGhoLn14xRYCG,spotify:track:2Y0wPrPQBrGhoLn14xRYCG,https://api.spotify.com/v1/tracks/2Y0wPrPQBrGhoLn14xRYCG,https://api.spotify.com/v1/audio-analysis/2Y0wPrPQBrGhoLn14xRYCG,205485,4
54,55,Truth Hurts,Lizzo,5qmq61DAAOUaW8AUo8xKhh,906684913.0,0.715,0.624,4,-3.046,0,0.114,0.11,0.0,0.123,0.412,158.087,audio_features,5qmq61DAAOUaW8AUo8xKhh,spotify:track:5qmq61DAAOUaW8AUo8xKhh,https://api.spotify.com/v1/tracks/5qmq61DAAOUaW8AUo8xKhh,https://api.spotify.com/v1/audio-analysis/5qmq61DAAOUaW8AUo8xKhh,173325,4
55,56,If the World Was Ending (feat. Julia Michaels),"JP Saxe, Julia Michaels",2kJwzbxV2ppxnQoYw4GLBZ,946079875.0,0.464,0.473,1,-10.086,1,0.129,0.866,0.0,0.109,0.604,75.801,audio_features,2kJwzbxV2ppxnQoYw4GLBZ,spotify:track:2kJwzbxV2ppxnQoYw4GLBZ,https://api.spotify.com/v1/tracks/2kJwzbxV2ppxnQoYw4GLBZ,https://api.spotify.com/v1/audio-analysis/2kJwzbxV2ppxnQoYw4GLBZ,208687,4
56,57,We Paid (feat. 42 Dugg),"Lil Baby, 42 Dugg",6gxKUmycQX7uyMwJcweFjp,,0.926,0.542,1,-5.064,1,0.293,0.135,0.0,0.0877,0.564,135.14,audio_features,6gxKUmycQX7uyMwJcweFjp,spotify:track:6gxKUmycQX7uyMwJcweFjp,https://api.spotify.com/v1/tracks/6gxKUmycQX7uyMwJcweFjp,https://api.spotify.com/v1/audio-analysis/6gxKUmycQX7uyMwJcweFjp,181929,4
57,58,Yummy,Justin Bieber,16wAOAZ2OkqoIDN7TpChjR,,0.676,0.506,9,-6.652,0,0.0958,0.345,0.0,0.118,0.497,145.842,audio_features,16wAOAZ2OkqoIDN7TpChjR,spotify:track:16wAOAZ2OkqoIDN7TpChjR,https://api.spotify.com/v1/tracks/16wAOAZ2OkqoIDN7TpChjR,https://api.spotify.com/v1/audio-analysis/16wAOAZ2OkqoIDN7TpChjR,208520,4
58,59,One Man Band,Old Dominion,7cA3PnUQDlUyBBwpRozQeo,321934865.0,0.706,0.358,6,-8.331,1,0.0347,0.677,0.0,0.107,0.478,75.991,audio_features,7cA3PnUQDlUyBBwpRozQeo,spotify:track:7cA3PnUQDlUyBBwpRozQeo,https://api.spotify.com/v1/tracks/7cA3PnUQDlUyBBwpRozQeo,https://api.spotify.com/v1/audio-analysis/7cA3PnUQDlUyBBwpRozQeo,186240,4
59,60,Got What I Got,Jason Aldean,4TCc369aRPRubv1m8R1TBG,,0.512,0.58,3,-6.658,0,0.029,0.621,1.72e-05,0.513,0.303,159.847,audio_features,4TCc369aRPRubv1m8R1TBG,spotify:track:4TCc369aRPRubv1m8R1TBG,https://api.spotify.com/v1/tracks/4TCc369aRPRubv1m8R1TBG,https://api.spotify.com/v1/audio-analysis/4TCc369aRPRubv1m8R1TBG,178147,3
60,61,Sunday Best,Surfaces,1Cv1YLb4q0RzL6pybtaMLo,857230487.0,0.878,0.525,5,-6.832,1,0.0578,0.183,0.0,0.0714,0.694,112.022,audio_features,1Cv1YLb4q0RzL6pybtaMLo,spotify:track:1Cv1YLb4q0RzL6pybtaMLo,https://api.spotify.com/v1/tracks/1Cv1YLb4q0RzL6pybtaMLo,https://api.spotify.com/v1/audio-analysis/1Cv1YLb4q0RzL6pybtaMLo,158571,4
61,62,Godzilla (feat. Juice WRLD),"Eminem, Juice WRLD",7FIWs0pqAYbP91WWM0vlTQ,,0.808,0.745,10,-5.26,0,0.342,0.145,0.0,0.292,0.829,165.995,audio_features,7FIWs0pqAYbP91WWM0vlTQ,spotify:track:7FIWs0pqAYbP91WWM0vlTQ,https://api.spotify.com/v1/tracks/7FIWs0pqAYbP91WWM0vlTQ,https://api.spotify.com/v1/audio-analysis/7FIWs0pqAYbP91WWM0vlTQ,210800,4
62,63,Bandit (with YoungBoy Never Broke Again),"Juice WRLD, YoungBoy Never Broke Again",6Gg1gjgKi2AK4e0qzsR7sd,,0.474,0.631,5,-5.884,0,0.343,0.0687,0.0,0.132,0.425,180.051,audio_features,6Gg1gjgKi2AK4e0qzsR7sd,spotify:track:6Gg1gjgKi2AK4e0qzsR7sd,https://api.spotify.com/v1/tracks/6Gg1gjgKi2AK4e0qzsR7sd,https://api.spotify.com/v1/audio-analysis/6Gg1gjgKi2AK4e0qzsR7sd,189323,4
63,64,Party Girl,StaySolidRocky,5RqR4ZCCKJDcBLIn4sih9l,619011095.0,0.728,0.431,6,-9.966,0,0.0622,0.749,0.0,0.0996,0.629,130.022,audio_features,5RqR4ZCCKJDcBLIn4sih9l,spotify:track:5RqR4ZCCKJDcBLIn4sih9l,https://api.spotify.com/v1/tracks/5RqR4ZCCKJDcBLIn4sih9l,https://api.spotify.com/v1/audio-analysis/5RqR4ZCCKJDcBLIn4sih9l,147800,4
64,65,Die From A Broken Heart,Maddie & Tae,1kFpL1itkwkdhO6kcmNJra,227183315.0,0.607,0.514,4,-6.631,1,0.0323,0.363,0.0,0.258,0.414,75.978,audio_features,1kFpL1itkwkdhO6kcmNJra,spotify:track:1kFpL1itkwkdhO6kcmNJra,https://api.spotify.com/v1/tracks/1kFpL1itkwkdhO6kcmNJra,https://api.spotify.com/v1/audio-analysis/1kFpL1itkwkdhO6kcmNJra,188291,4
65,66,POPSTAR (feat. Drake),"DJ Khaled, Drake",6EDO9iiTtwNv6waLwa1UUq,621730083.0,0.8,0.56,5,-4.818,0,0.261,0.057,0.0,0.134,0.45,163.071,audio_features,6EDO9iiTtwNv6waLwa1UUq,spotify:track:6EDO9iiTtwNv6waLwa1UUq,https://api.spotify.com/v1/tracks/6EDO9iiTtwNv6waLwa1UUq,https://api.spotify.com/v1/audio-analysis/6EDO9iiTtwNv6waLwa1UUq,200221,4
66,67,All I Want for Christmas Is You,Mariah Carey,0bYg9bo50gSsH3LtXe2SQn,,0.336,0.627,7,-7.463,1,0.0384,0.164,0.0,0.0708,0.35,150.273,audio_features,0bYg9bo50gSsH3LtXe2SQn,spotify:track:0bYg9bo50gSsH3LtXe2SQn,https://api.spotify.com/v1/tracks/0bYg9bo50gSsH3LtXe2SQn,https://api.spotify.com/v1/audio-analysis/0bYg9bo50gSsH3LtXe2SQn,241107,4
67,68,One Of Them Girls,Lee Brice,14GwnOeC9qYEKEA6uOZepa,261615660.0,0.643,0.79,4,-6.079,1,0.0462,0.294,0.0,0.107,0.8,95.987,audio_features,14GwnOeC9qYEKEA6uOZepa,spotify:track:14GwnOeC9qYEKEA6uOZepa,https://api.spotify.com/v1/tracks/14GwnOeC9qYEKEA6uOZepa,https://api.spotify.com/v1/audio-analysis/14GwnOeC9qYEKEA6uOZepa,188893,4
68,69,Hard To Forget,Sam Hunt,10xuH52YSXHWFwCaF1fsDd,,0.689,0.689,4,-5.517,1,0.045,0.23,0.0,0.57,0.664,130.069,audio_features,10xuH52YSXHWFwCaF1fsDd,spotify:track:10xuH52YSXHWFwCaF1fsDd,https://api.spotify.com/v1/tracks/10xuH52YSXHWFwCaF1fsDd,https://api.spotify.com/v1/audio-analysis/10xuH52YSXHWFwCaF1fsDd,204760,4
69,70,One Margarita,Luke Bryan,6NhS5LwYbJ6xD7BGvlWRJO,,0.641,0.842,9,-4.872,1,0.0464,0.0969,0.0,0.169,0.738,89.997,audio_features,6NhS5LwYbJ6xD7BGvlWRJO,spotify:track:6NhS5LwYbJ6xD7BGvlWRJO,https://api.spotify.com/v1/tracks/6NhS5LwYbJ6xD7BGvlWRJO,https://api.spotify.com/v1/audio-analysis/6NhS5LwYbJ6xD7BGvlWRJO,193427,4
70,71,Panini,Lil Nas X,1000nHvUdawXuUHgBod4Wv,,0.703,0.594,5,-6.146,0,0.0752,0.342,0.0,0.123,0.475,153.848,audio_features,1000nHvUdawXuUHgBod4Wv,spotify:track:1000nHvUdawXuUHgBod4Wv,https://api.spotify.com/v1/tracks/1000nHvUdawXuUHgBod4Wv,https://api.spotify.com/v1/audio-analysis/1000nHvUdawXuUHgBod4Wv,114893,4
71,72,Hot (feat. Gunna),"Young Thug, Gunna",5Z8HZM6iQMhhqyPcCGY5g9,,0.855,0.651,0,-8.044,0,0.235,0.063,0.0,0.0772,0.559,111.997,audio_features,5Z8HZM6iQMhhqyPcCGY5g9,spotify:track:5Z8HZM6iQMhhqyPcCGY5g9,https://api.spotify.com/v1/tracks/5Z8HZM6iQMhhqyPcCGY5g9,https://api.spotify.com/v1/audio-analysis/5Z8HZM6iQMhhqyPcCGY5g9,193027,4
72,73,I Hope You’re Happy Now,"Carly Pearce, Lee Brice",0Al3wN3keprGTSgG8NBwjr,170712898.0,0.591,0.815,10,-4.725,1,0.0366,0.168,8.68e-06,0.142,0.306,118.024,audio_features,0Al3wN3keprGTSgG8NBwjr,spotify:track:0Al3wN3keprGTSgG8NBwjr,https://api.spotify.com/v1/tracks/0Al3wN3keprGTSgG8NBwjr,https://api.spotify.com/v1/audio-analysis/0Al3wN3keprGTSgG8NBwjr,198689,4
73,74,Emotionally Scarred,Lil Baby,7ge7BHazYbVKi8qyZUX1Bm,,0.585,0.641,6,-4.269,0,0.133,0.0286,0.0,0.316,0.266,88.284,audio_features,7ge7BHazYbVKi8qyZUX1Bm,spotify:track:7ge7BHazYbVKi8qyZUX1Bm,https://api.spotify.com/v1/tracks/7ge7BHazYbVKi8qyZUX1Bm,https://api.spotify.com/v1/audio-analysis/7ge7BHazYbVKi8qyZUX1Bm,197530,4
74,75,Suicidal (Remix) [feat. Juice WRLD],"YNW Melly, Juice WRLD",4S2uhQE8L9V6p7rj7SiauJ,345982908.0,0.655,0.441,9,-5.245,0,0.0629,0.474,0.0,0.099,0.273,139.957,audio_features,4S2uhQE8L9V6p7rj7SiauJ,spotify:track:4S2uhQE8L9V6p7rj7SiauJ,https://api.spotify.com/v1/tracks/4S2uhQE8L9V6p7rj7SiauJ,https://api.spotify.com/v1/audio-analysis/4S2uhQE8L9V6p7rj7SiauJ,225857,4
75,76,The Bigger Picture,Lil Baby,44gRhRi2OhEf7moAUj6MD1,,0.59,0.618,1,-5.756,1,0.334,0.0127,0.0,0.244,0.153,96.459,audio_features,44gRhRi2OhEf7moAUj6MD1,spotify:track:44gRhRi2OhEf7moAUj6MD1,https://api.spotify.com/v1/tracks/44gRhRi2OhEf7moAUj6MD1,https://api.spotify.com/v1/audio-analysis/44gRhRi2OhEf7moAUj6MD1,252729,3
76,77,Only Human,Jonas Brothers,0DiDStADDVh3SvAsoJAFMk,,0.795,0.496,0,-5.883,1,0.0722,0.108,0.0,0.0645,0.874,94.01,audio_features,0DiDStADDVh3SvAsoJAFMk,spotify:track:0DiDStADDVh3SvAsoJAFMk,https://api.spotify.com/v1/tracks/0DiDStADDVh3SvAsoJAFMk,https://api.spotify.com/v1/audio-analysis/0DiDStADDVh3SvAsoJAFMk,183000,4
77,78,The Woo (feat. 50 Cent & Roddy Ricch),"Pop Smoke, 50 Cent, Roddy Ricch",1H7KnK26kc1YyellpbINEn,,0.49,0.618,1,-5.655,1,0.104,0.0221,3.77e-06,0.259,0.286,99.7,audio_features,1H7KnK26kc1YyellpbINEn,spotify:track:1H7KnK26kc1YyellpbINEn,https://api.spotify.com/v1/tracks/1H7KnK26kc1YyellpbINEn,https://api.spotify.com/v1/audio-analysis/1H7KnK26kc1YyellpbINEn,201600,4
78,79,Sum 2 Prove,Lil Baby,2u3EyuCqqV31woqGvO9LBz,,0.823,0.552,4,-7.57,0,0.324,0.0174,0.0,0.122,0.418,124.038,audio_features,2u3EyuCqqV31woqGvO9LBz,spotify:track:2u3EyuCqqV31woqGvO9LBz,https://api.spotify.com/v1/tracks/2u3EyuCqqV31woqGvO9LBz,https://api.spotify.com/v1/audio-analysis/2u3EyuCqqV31woqGvO9LBz,205760,4
79,80,Stuck with U (with Justin Bieber),"Ariana Grande, Justin Bieber",4HBZA5flZLE435QTztThqH,,0.597,0.45,8,-6.658,1,0.0418,0.223,0.0,0.382,0.537,178.765,audio_features,4HBZA5flZLE435QTztThqH,spotify:track:4HBZA5flZLE435QTztThqH,https://api.spotify.com/v1/tracks/4HBZA5flZLE435QTztThqH,https://api.spotify.com/v1/audio-analysis/4HBZA5flZLE435QTztThqH,228482,3
80,81,Mood Swings (feat. Lil Tjay),"Pop Smoke, Lil Tjay",5rZlwNFl01HqLWBQGryKSm,,0.48,0.602,10,-6.335,0,0.368,0.487,0.0,0.0848,0.269,179.798,audio_features,5rZlwNFl01HqLWBQGryKSm,spotify:track:5rZlwNFl01HqLWBQGryKSm,https://api.spotify.com/v1/tracks/5rZlwNFl01HqLWBQGryKSm,https://api.spotify.com/v1/audio-analysis/5rZlwNFl01HqLWBQGryKSm,213333,4
81,82,You should be sad,Halsey,7lidXGPXPYLNThITAOTlkK,,0.591,0.585,2,-6.35,1,0.0277,0.143,0.0,0.109,0.324,110.94,audio_features,7lidXGPXPYLNThITAOTlkK,spotify:track:7lidXGPXPYLNThITAOTlkK,https://api.spotify.com/v1/tracks/7lidXGPXPYLNThITAOTlkK,https://api.spotify.com/v1/audio-analysis/7lidXGPXPYLNThITAOTlkK,205473,4
82,83,Dior,Pop Smoke,79s5XnCN4TJKTVMSmOx8Ep,855017805.0,0.548,0.805,7,-5.732,1,0.351,0.212,0.000389,0.408,0.648,142.094,audio_features,79s5XnCN4TJKTVMSmOx8Ep,spotify:track:79s5XnCN4TJKTVMSmOx8Ep,https://api.spotify.com/v1/tracks/79s5XnCN4TJKTVMSmOx8Ep,https://api.spotify.com/v1/audio-analysis/79s5XnCN4TJKTVMSmOx8Ep,216387,4
83,84,Supalonely,"BENEE, Gus Dapperton",4nK5YrxbMGZstTLbvj6Gxw,,0.863,0.631,7,-4.689,1,0.0534,0.305,3.04e-05,0.123,0.817,128.977,audio_features,4nK5YrxbMGZstTLbvj6Gxw,spotify:track:4nK5YrxbMGZstTLbvj6Gxw,https://api.spotify.com/v1/tracks/4nK5YrxbMGZstTLbvj6Gxw,https://api.spotify.com/v1/audio-analysis/4nK5YrxbMGZstTLbvj6Gxw,223480,4
84,85,Even Though I'm Leaving,Luke Combs,5Fhe63YOMZsGdB3CgCDuBi,,0.554,0.755,2,-6.04,1,0.0319,0.225,0.0,0.301,0.624,77.962,audio_features,5Fhe63YOMZsGdB3CgCDuBi,spotify:track:5Fhe63YOMZsGdB3CgCDuBi,https://api.spotify.com/v1/tracks/5Fhe63YOMZsGdB3CgCDuBi,https://api.spotify.com/v1/audio-analysis/5Fhe63YOMZsGdB3CgCDuBi,225253,4
85,86,THE SCOTTS,"THE SCOTTS, Travis Scott, Kid Cudi",39Yp9wwQiSRIDOvrVg7mbk,696213522.0,0.716,0.537,0,-7.648,0,0.0514,0.233,0.0,0.157,0.28,129.979,audio_features,39Yp9wwQiSRIDOvrVg7mbk,spotify:track:39Yp9wwQiSRIDOvrVg7mbk,https://api.spotify.com/v1/tracks/39Yp9wwQiSRIDOvrVg7mbk,https://api.spotify.com/v1/audio-analysis/39Yp9wwQiSRIDOvrVg7mbk,165978,4
86,87,Juicy,"Doja Cat, Tyga",7qvsl2pYzrsYgPeFBN5jxp,,0.786,0.658,0,-2.61,1,0.0661,0.0856,0.0,0.0689,0.458,170.037,audio_features,7qvsl2pYzrsYgPeFBN5jxp,spotify:track:7qvsl2pYzrsYgPeFBN5jxp,https://api.spotify.com/v1/tracks/7qvsl2pYzrsYgPeFBN5jxp,https://api.spotify.com/v1/audio-analysis/7qvsl2pYzrsYgPeFBN5jxp,202333,4
87,88,Be Like That - feat. Swae Lee & Khalid,"Kane Brown, Swae Lee, Khalid",5f1joOtoMeyppIcJGZQvqJ,,0.727,0.626,7,-8.415,1,0.0726,0.0469,2.58e-05,0.126,0.322,86.97,audio_features,5f1joOtoMeyppIcJGZQvqJ,spotify:track:5f1joOtoMeyppIcJGZQvqJ,https://api.spotify.com/v1/tracks/5f1joOtoMeyppIcJGZQvqJ,https://api.spotify.com/v1/audio-analysis/5f1joOtoMeyppIcJGZQvqJ,191406,4
88,89,Homesick,Kane Brown,30RZAuEkYeDXvy46Iv6l7E,,0.701,0.5,8,-8.82,1,0.0303,0.46,0.0,0.234,0.409,97.028,audio_features,30RZAuEkYeDXvy46Iv6l7E,spotify:track:30RZAuEkYeDXvy46Iv6l7E,https://api.spotify.com/v1/tracks/30RZAuEkYeDXvy46Iv6l7E,https://api.spotify.com/v1/audio-analysis/30RZAuEkYeDXvy46Iv6l7E,205400,4
89,90,Rags2Riches (feat. ATR Son Son),"Rod Wave, ATR Son Son",1ENdcyhqdylaLsPVgB83qq,,0.904,0.252,5,-17.54,0,0.11,0.294,0.0,0.104,0.227,117.994,audio_features,1ENdcyhqdylaLsPVgB83qq,spotify:track:1ENdcyhqdylaLsPVgB83qq,https://api.spotify.com/v1/tracks/1ENdcyhqdylaLsPVgB83qq,https://api.spotify.com/v1/audio-analysis/1ENdcyhqdylaLsPVgB83qq,167184,4
90,91,Bluebird,Miranda Lambert,0kPeZAyIhIfeZNrtfjJGDB,142432904.0,0.661,0.633,7,-5.986,1,0.0348,0.038,2.75e-06,0.124,0.613,81.984,audio_features,0kPeZAyIhIfeZNrtfjJGDB,spotify:track:0kPeZAyIhIfeZNrtfjJGDB,https://api.spotify.com/v1/tracks/0kPeZAyIhIfeZNrtfjJGDB,https://api.spotify.com/v1/audio-analysis/0kPeZAyIhIfeZNrtfjJGDB,209760,4
91,92,Wishing Well,Juice WRLD,2U5WueTLIK5WJLD7mvDODv,,0.65,0.613,9,-6.13,0,0.128,0.00336,0.0,0.267,0.0804,149.972,audio_features,2U5WueTLIK5WJLD7mvDODv,spotify:track:2U5WueTLIK5WJLD7mvDODv,https://api.spotify.com/v1/tracks/2U5WueTLIK5WJLD7mvDODv,https://api.spotify.com/v1/audio-analysis/2U5WueTLIK5WJLD7mvDODv,194621,4
92,93,Does To Me (feat. Eric Church),"Luke Combs, Eric Church",0nGXi46VcQQ56ZJR428MKS,,0.616,0.849,0,-4.897,1,0.0373,0.311,0.0,0.311,0.638,113.065,audio_features,0nGXi46VcQQ56ZJR428MKS,spotify:track:0nGXi46VcQQ56ZJR428MKS,https://api.spotify.com/v1/tracks/0nGXi46VcQQ56ZJR428MKS,https://api.spotify.com/v1/audio-analysis/0nGXi46VcQQ56ZJR428MKS,223320,4
93,94,P*$$Y Fairy (OTW),Jhené Aiko,48KXAIruJ07kJVCWOGohMV,,0.572,0.519,2,-7.092,0,0.212,0.536,0.0,0.102,0.35,128.331,audio_features,48KXAIruJ07kJVCWOGohMV,spotify:track:48KXAIruJ07kJVCWOGohMV,https://api.spotify.com/v1/tracks/48KXAIruJ07kJVCWOGohMV,https://api.spotify.com/v1/audio-analysis/48KXAIruJ07kJVCWOGohMV,181860,4
94,95,ily (i love you baby) (feat. Emilee),"Surf Mesa, Emilee",62aP9fBQKYKxi7PDXwcUAS,812747861.0,0.674,0.774,11,-7.567,0,0.0892,0.0686,0.00188,0.393,0.33,112.05,audio_features,62aP9fBQKYKxi7PDXwcUAS,spotify:track:62aP9fBQKYKxi7PDXwcUAS,https://api.spotify.com/v1/tracks/62aP9fBQKYKxi7PDXwcUAS,https://api.spotify.com/v1/audio-analysis/62aP9fBQKYKxi7PDXwcUAS,176547,4
95,96,More Than My Hometown,Morgan Wallen,0eBXyY4SatzpE7opnzgXvz,,0.621,0.882,6,-5.01,1,0.0459,0.601,0.0,0.132,0.574,126.014,audio_features,0eBXyY4SatzpE7opnzgXvz,spotify:track:0eBXyY4SatzpE7opnzgXvz,https://api.spotify.com/v1/tracks/0eBXyY4SatzpE7opnzgXvz,https://api.spotify.com/v1/audio-analysis/0eBXyY4SatzpE7opnzgXvz,216573,4
96,97,Lovin' On You,Luke Combs,0nYvjcSlCgjcwogQAwIwNp,,0.572,0.949,4,-4.865,1,0.06,0.00165,0.000195,0.163,0.53,118.974,audio_features,0nYvjcSlCgjcwogQAwIwNp,spotify:track:0nYvjcSlCgjcwogQAwIwNp,https://api.spotify.com/v1/tracks/0nYvjcSlCgjcwogQAwIwNp,https://api.spotify.com/v1/audio-analysis/0nYvjcSlCgjcwogQAwIwNp,194867,4
97,98,Said Sum,Moneybagg Yo,3sKz6Sd72K0ofPWcJPPk6H,,0.929,0.667,8,-6.789,0,0.353,0.0185,0.0,0.1,0.274,126.998,audio_features,3sKz6Sd72K0ofPWcJPPk6H,spotify:track:3sKz6Sd72K0ofPWcJPPk6H,https://api.spotify.com/v1/tracks/3sKz6Sd72K0ofPWcJPPk6H,https://api.spotify.com/v1/audio-analysis/3sKz6Sd72K0ofPWcJPPk6H,155168,4
98,99,Slide,"H.E.R., YG",2rTnVB1bvwxHtaIl4uVu7f,,0.832,0.469,10,-9.141,0,0.339,0.0807,8.26e-06,0.207,0.197,97.023,audio_features,2rTnVB1bvwxHtaIl4uVu7f,spotify:track:2rTnVB1bvwxHtaIl4uVu7f,https://api.spotify.com/v1/tracks/2rTnVB1bvwxHtaIl4uVu7f,https://api.spotify.com/v1/audio-analysis/2rTnVB1bvwxHtaIl4uVu7f,238321,4
99,100,Walk Em Down (feat. Roddy Ricch),"NLE Choppa, Roddy Ricch",4cSSL3YafYjM3yjgFO1vJg,450343381.0,0.867,0.744,2,-5.171,1,0.227,0.268,0.0,0.0713,0.645,84.005,audio_features,4cSSL3YafYjM3yjgFO1vJg,spotify:track:4cSSL3YafYjM3yjgFO1vJg,https://api.spotify.com/v1/tracks/4cSSL3YafYjM3yjgFO1vJg,https://api.spotify.com/v1/audio-analysis/4cSSL3YafYjM3yjgFO1vJg,173288,4
